ID,Category,Offer,Highlight,Product.terms_and_conditions,Supplier,AccessPercent
1068370,In-Store Offer,Mekko,7% Cashback on All Purchases,,Pokitpal,5
1068465,In-Store Offer,Celebration Box New Zealand,5% Cashback on All Purchases,,Pokitpal,5
1068400,In-Store Offer,Pure Milford,5% Cashback on All Purchases,,Pokitpal,5
1068252,In-Store Offer,1.5 Hour East Perth Segway Tour,Explore New Adventures and get 7% Cashback,,Pokitpal,5
1068254,In-Store Offer,1.5 Hour Fortress Segway Adventure,Explore New Adventures and get 7% Cashback,,Pokitpal,5
1068258,In-Store Offer,1.5 Hour Jet Ski Safari,Explore New Adventures and get 7% Cashback,,Pokitpal,5
1067619,In-Store Offer,1.5 Hour Jet Ski Tour of Airlie Beach & Pioneer Bay,Explore New Adventures and get 7% Cashback,,Pokitpal,5
1068253,In-Store Offer,1.5 Hour West Perth Segway Tour,Explore New Adventures and get 7% Cashback,,Pokitpal,5
1068255,In-Store Offer,1 Day Blue Mountains & 3 Sisters Sunset Tour,Explore New Adventures and get 7% Cashback,,Pokitpal,5
1068270,In-Store Offer,1-Day Coffin Bay Tour,Explore New Adventures and get 7% Cashback,,Pokitpal,5
1068256,In-Store Offer,1 Day Freedon Kayak Hire,Explore New Adventures and get 7% Cashback,,Pokitpal,5
1067618,In-Store Offer,1 Day Great Ocean Road Tour,Explore New Adventures and get 7% Cashback,,Pokitpal,5
1067617,In-Store Offer,1 Day Noosa Everglades Guided Kayak Tour,Explore New Adventures and get 7% Cashback,,Pokitpal,5
1067620,In-Store Offer,1 Day Phillip Island Penguin Parade Tour,Explore New Adventures and get 7% Cashback,,Pokitpal,5
1068271,In-Store Offer,1-Day Port Lincoln Tour,Explore New Adventures and get 7% Cashback,,Pokitpal,5
1068262,In-Store Offer,1 Day Reverse Great Ocean Road Tour,Explore New Adventures and get 7% Cashback,,Pokitpal,5
1068260,In-Store Offer,1 Day Self Guided Noosa Everglades Kayak Tour,Explore New Adventures and get 7% Cashback,,Pokitpal,5
1068261,In-Store Offer,1 Day Yarra Valley Winery Tour,Explore New Adventures and get 7% Cashback,,Pokitpal,5
1068265,In-Store Offer,1 hour Balloon Flight in Mansfield,Explore New Adventures and get 7% Cashback,,Pokitpal,5
1068259,In-Store Offer,1 hour Guided Jet Ski Tour,Explore New Adventures and get 7% Cashback,,Pokitpal,5
1068266,In-Store Offer,1 Hour Jet Ski Safari,Explore New Adventures and get 7% Cashback,,Pokitpal,5
1068263,In-Store Offer,1 Hour Riverside Segway Tour,Explore New Adventures and get 7% Cashback,,Pokitpal,5
1068264,In-Store Offer,1 Hour Settlement Explorer Segway Tour,Explore New Adventures and get 7% Cashback,,Pokitpal,5
1068267,In-Store Offer,"15,000ft Tandem Skydive over Rottnest Island",Explore New Adventures and get 7% Cashback,,Pokitpal,5
1067621,In-Store Offer,15 Minute Volcanoes and Beaches Helicopter Flight,Explore New Adventures and get 7% Cashback,,Pokitpal,5
1068257,In-Store Offer,15 Minute Warbird Aerobatic Flight,Explore New Adventures and get 7% Cashback,,Pokitpal,5
1068268,In-Store Offer,1770 Larc Afternoon Cruise,Explore New Adventures and get 7% Cashback,,Pokitpal,5
1068269,In-Store Offer,1770 Larc Paradise Full Day Tour,Explore New Adventures and get 7% Cashback,,Pokitpal,5
1068272,In-Store Offer,"1837 BAROSSA - 1 hour Wine Tour, 4 Wine Tastings and Cheese Platter Experience",Explore New Adventures and get 7% Cashback,,Pokitpal,5
1068273,In-Store Offer,"1837 BAROSSA - 2 hour Wine Tour, Vineyard Walk, 6 Wine Tasting & Cheese Platter Experience",Explore New Adventures and get 7% Cashback,,Pokitpal,5
1068274,In-Store Offer,"1837 BAROSSA -  4 hour Wine Tour, Vineyard Walk, 8 Wine Tastings & 3 Course Lunch Experience",Explore New Adventures and get 7% Cashback,,Pokitpal,5
1068275,In-Store Offer,"1837 BAROSSA -  5 hour Wine Tour, Vineyard Walk, 8 Wine Tastings, 3 Course Lunch & Helicopter Experience",Explore New Adventures and get 7% Cashback,,Pokitpal,5
1068280,In-Store Offer,2.5 hour Guided Jet Ski Tour,Explore New Adventures and get 7% Cashback,,Pokitpal,5
1068279,In-Store Offer,2 Flight Kickstart Indoor Skydiving Package,Explore New Adventures and get 7% Cashback,,Pokitpal,5
1068278,In-Store Offer,2 Hour South Molle and Whitsunday Island Jet Ski Safari,Explore New Adventures and get 7% Cashback,,Pokitpal,5
1068283,In-Store Offer,25 Minute Warbird Aerobatic Flight,Explore New Adventures and get 7% Cashback,,Pokitpal,5
1068285,In-Store Offer,3 Hour Coffin Bay Oyster Farm Tour with 12 Oysters,Explore New Adventures and get 7% Cashback,,Pokitpal,5
1068362,In-Store Offer,Lete Active New Zealand,10% Cashback on All Purchases,,Pokitpal,5
1068440,In-Store Offer,Barefoot Kids New Zealand,Get $10 Cashback when you spend $150,,Pokitpal,5
1068445,In-Store Offer,Big Little Gift Box New Zealand,Get $10 Cashback when you spend $70,,Pokitpal,5
1068478,In-Store Offer,Devoted to Pretty New Zealand,Get $10 Cashback when you spend $70,,Pokitpal,5
1068494,In-Store Offer,Freed New Zealand,Get $150 Cashback when you spend $1500,,Pokitpal,5
1068495,In-Store Offer,Freed New Zealand,Get $150 Cashback when you spend $1500,,Pokitpal,5
1068501,In-Store Offer,Gold Health New Zealand,Get up to 7% Cashback when you spend $50,,Pokitpal,5
1047598,Fashion,Six30,20% Off,,Six30,5
1066591,Travel,Qatar Airways 5% Off,Receive 5% Off Qatar Airways flights when booking via Qatarairways.com,,EHG Merchants,5
1059788,Home and Lifestyle,Aloe Vera Hand Sanitiser 125ml (Aloe Vera of Australia),Pay only $8; RRP $8.50,,Heysmed,5
1049531,Home and Lifestyle,Nimes Natural Sheet Set - King,Save up to 10% on RRP,,Kappel,5
1049534,Home and Lifestyle,Nimes White Quilt Cover Set - Queen,Save up to 10% on RRP,,Kappel,5
1049535,Home and Lifestyle,Nimes White Quilt Cover Set - King,Save up to 10% on RRP,,Kappel,5
1049545,Home and Lifestyle,Nara Charcoal Sheet Set - Queen,Save up to 10% on RRP,,Kappel,5
1049546,Home and Lifestyle,Nara Charcoal Sheet Set - King,Save up to 10% on RRP,,Kappel,5
1049547,Home and Lifestyle,Nara White Sheet Set - Queen,Save up to 10% on RRP,,Kappel,5
1049548,Home and Lifestyle,Nara White Sheet Set - King,Save up to 10% on RRP,,Kappel,5
1049549,Home and Lifestyle,Nara Bluestone Towel Set,Save up to 10% on RRP,,Kappel,5
1061935,Home and Lifestyle,Be Your Own Deal Maker!,You set the price! Discount products by placing an offer to the seller.,,ineda,5
1009308,Fashion,Lorraine's,10% Discount,,Lorraine's,5
800991,Fashion,MARGIE'S BOUTIQUE OF LINGERIE & CORSETRY,10% Discount,Terms and Conditions may apply. Please refer to your member website for full details,Margie's Boutique of Lingerie & Corsetry,5
1008738,Fashion,My Size Fashions  MACKAY  QLD,10% Discount,,My Size,5
1059789,Home and Lifestyle,Aloe Vera Jelly 125ml (98% AV),Pay only $10; RRP $10.95,,Heysmed,5
1059796,Beauty,Hard/Heavy Brux Guard - Mouldable,,,Heysmed,5
1024130,Fashion,Keshet Design,15% Discount,Terms and Conditions: Not valid in conjunction with any other offer or special.,Keshet Design,5
1065240,Home and Lifestyle,Dokodemo,Get 2% Cashback,,Cashback Offers KR - Commission Factory,5
1065143,Beauty,BNC,Get 3% Cashback,,Cashback Offers SG - Commission Factory,5
1065252,Technology,XP-PEN PH,Get 3.5% Cashback,,Cashback Offers PH - Commission Factory,5
1016120,Beauty,Bliss Day Spa Caringbah NSW,10% Discount,Not valid in conjunction with any other offer.,Bliss Day Spa,5
1010232,Beauty,Bookbinders Design  Melbourne  VIC,10% Discount,Terms and Conditions may apply. Please refer to your member website for full details,Bookbinders Design,5
1047593,Beauty,Butt Naked Body,10% Off,,Butt Naked Body,5
800005,Beauty,Eyeballs Eyewear  Paddington  NSW,10% Discount,Terms  Conditions: Not valid in conjunction with any other offer,Eyeballs Eyewear,5
1013463,Home and Lifestyle,Little Giggles,Get 10% Discount,,Little Giggles,5
1008723,Fashion,Stuart Suit Specialist Brisbane City  QLD,10% Discount,Terms and Conditions may apply. Please refer to your member website for full details,Stuart Suit Specialist,5
1014133,Home and Lifestyle,Todd Hunter McGaw Photographer  Brisbane  QLD,Great savings on Wedding Packages and Portraits,Terms  Conditions: Not valid in conjunction with any other offer.,Tod Hunter Mcgaw Photographer,5
1010062,Home and Lifestyle,Viva Photography  Fremantle  WA,Get 10% discount,Not valid in conjunction with any other offer.Not redeemable for cash. Subject to availability. Not to be used towards Viva Photography wedding services.,Viva Photography,5
1013110,Fashion,INTERSPORT MURRAY BRIDGE,Save 10% on all full priced items,Terms and Conditions: Discount excludes sales items. Not valid in conjunction with any other offer.,INTERSPORT MURRAY BRIDGE,5
800714,Travel,THE JOLLY SWAGMAN HOTEL  MUNGINDI  NSW,Get 10% Discount,Terms and Conditions may apply. Please refer to your member website for full details,Jolly Swagman Hotel Motel,5
1003333,Travel,Jungle Tours  Bungalow   QLD,Get 10% discount,Terms and Conditions: Not valid in conjunction with any other offer. Must be booked direct.,Jungle Tours & Trekking,5
1009606,Travel,Kalbarri Reef Villas  KALBARRI  WA,Get 10% Discount,Terms and Conditions may apply. Please refer to your member website for full details,Kalbarri Reef Villas,5
1008329,Travel,Lake Munmorah Motel  Lake Munmorah  NSW,Get 10% Discount,Terms and Conditions may apply. Please refer to your member website for full details,Lake Munmorah Motel,5
1015005,Travel,The Lorikeet Tourist Park  Arrawarra   NSW,Get 10% discount,Terms and Conditions: Members must call the booking center and quote My Rewards. All bookings are subject to availability and cannot be used in conjunction with any other special.,Lorikeet Lifestyle Community (formerly Gateway Lifestyle),5
1008616,Travel,Tropical Palms Inn  MAGNETIC ISLAND  QLD,Get 10% Discount,Not valid in conjunction with any other offer.,Tropical Palms Resort & 4WD Hire,5
1008331,Travel,Tweed River Motel  MURWILLIMBAH  NSW,Get 10% Discount,Terms and Conditions: Not valid in conjunction with any other offer.,Tweed River Motel,5
1015000,Travel,Snowy Gum Perisher  Smiggins  Smiggin Holes  NSW,Get 10% Discount,Members must call the booking center and quote My Rewards. All bookings are subject to availability and cannot be used in conjunction with any other special.,Urban Group Leisure - Snowy Gum Perisher,5
1002152,Travel,WALGETT MOTEL  Walgett  NSW,Get 10% Discount,Terms and Conditions: Not Valid in conjunction with any other offer.,Walgett Motel,5
1033160,Travel,Australia Walkabout Wildlife Park  Calga  NSW,Get 10% Discount,Terms  Conditions: Not valid in conjunction with any other offer.,Walkabout Wildlife Sanctuary,5
25280,Travel,World Heritage Cruises  Strahan  TAS,Get 10% Discount,Terms  Conditions: Not valid in conjunction with any other offer. Not valid on family or Gold Pass (direct bookings only).,World Heritage Cruises,5
800006,Home and Lifestyle,CameronJane MakeUp Designer  Sydney  NSW,5% Discount,Terms  Conditions: Not valid in conjunction with any other offer.,Cameron-Jane Make-Up Designer,5
1065241,Travel,Klymit,Get 3.8% Cashback,,Cashback Offers KR - Flex Offers,5
1065253,Home and Lifestyle,ZALORA PH,Get 2.20% Cashback,,Cashback Offers PH - Flex Offers,5
1065144,Beauty,BTEGA,Get 7% Cashback,,Cashback Offers MY - Commission Factory,5
1065243,Travel,ESIM KOREA,Get 7% Cashback,,Cashback Offers KR - Impact,5
1065365,Fashion,Action eGift Card,"Get 4% Discount on Rebel, Lorna Jane, City Beach, Kayo, BCF, Foot Locker",,True Rewards - Standard,5
1066567,Fashion,Nine West eGift Card,Get 4% Discount,,True Rewards - Standard,5
1068300,In-Store Offer,3-Hour Gourmet Dinner Tour,Explore New Adventures and get 7% Cashback,,Pokitpal,10
1068301,In-Store Offer,3-Hour Weekday or Saturday Gourmet Lunch Tour,Explore New Adventures and get 7% Cashback,,Pokitpal,10
1068287,In-Store Offer,"30, 45 & 60 Minute Scenic Flights Cairns",Explore New Adventures and get 7% Cashback,,Pokitpal,10
1068284,In-Store Offer,30 Min Jet Ski Safari,Explore New Adventures and get 7% Cashback,,Pokitpal,10
1068281,In-Store Offer,30 Minute Free-Roam Virtual Reality Game,Explore New Adventures and get 7% Cashback,,Pokitpal,10
1068277,In-Store Offer,30 Minute Magnetic Island Helicopter Flight,Explore New Adventures and get 7% Cashback,,Pokitpal,10
1068276,In-Store Offer,30 Minute River Run Jetski Tour,Explore New Adventures and get 7% Cashback,,Pokitpal,10
1068282,In-Store Offer,30 Minute Unique Carriage City Tour,Explore New Adventures and get 7% Cashback,,Pokitpal,10
1068286,In-Store Offer,35 Minute Coast to Coast Helicopter Flight,Explore New Adventures and get 7% Cashback,,Pokitpal,10
1068288,In-Store Offer,35 Minute Warbird Aerobatic Flight,Explore New Adventures and get 7% Cashback,,Pokitpal,10
1068296,In-Store Offer,4 hour Hervey Bay Whale Watching Cruise,Explore New Adventures and get 7% Cashback,,Pokitpal,10
1068290,In-Store Offer,45 Minute Cape Cleveland and Bowling Green Bay Helicopter Flight,Explore New Adventures and get 7% Cashback,,Pokitpal,10
1068302,In-Store Offer,6 Hour Wine Sampler Day Tour,Explore New Adventures and get 7% Cashback,,Pokitpal,10
1068291,In-Store Offer,60 Minute Eco Jet Ski Tour,Explore New Adventures and get 7% Cashback,,Pokitpal,10
1068292,In-Store Offer,90 Minute Blast Jet Ski Tour,Explore New Adventures and get 7% Cashback,,Pokitpal,10
1068303,In-Store Offer,90 Minute Coffin Bay Oyster Farm Tour with 6 Oysters,Explore New Adventures and get 7% Cashback,,Pokitpal,10
1068297,In-Store Offer,Abseiling Half Day Adventure,Explore New Adventures and get 7% Cashback,,Pokitpal,10
1068294,In-Store Offer,Adelaide Central Market Breakfast Tour,Explore New Adventures and get 7% Cashback,,Pokitpal,10
1068295,In-Store Offer,Adelaide Central Market Lunch Tour,Explore New Adventures and get 7% Cashback,,Pokitpal,10
1068293,In-Store Offer,Adelaide City and Hahndorf Sightseeing Tour,Explore New Adventures and get 7% Cashback,,Pokitpal,10
1068299,In-Store Offer,Adelaide City Kayak Tour,Explore New Adventures and get 7% Cashback,,Pokitpal,10
1068298,In-Store Offer,Adelaide City Morning Sightseeing Tour,Explore New Adventures and get 7% Cashback,,Pokitpal,10
1068289,In-Store Offer,Adelaide Dolphin Watching Cruise,Explore New Adventures and get 7% Cashback,,Pokitpal,10
1068304,In-Store Offer,Adelaide Gaol Ghost Tour,Explore New Adventures and get 7% Cashback,,Pokitpal,10
1068305,In-Store Offer,Adelaide Oval Day Roof Climb,Explore New Adventures and get 7% Cashback,,Pokitpal,10
1068307,In-Store Offer,Adelaide Oval Night Roof Climb,Explore New Adventures and get 7% Cashback,,Pokitpal,10
1068306,In-Store Offer,Adelaide Oval Twilight Roof Climb,Explore New Adventures and get 7% Cashback,,Pokitpal,10
1068311,In-Store Offer,Adelaide Swim with Wild Dolphins Cruise,Explore New Adventures and get 7% Cashback,,Pokitpal,10
1068317,In-Store Offer,Adelaide to Glenelg Cycling Tour,Explore New Adventures and get 7% Cashback,,Pokitpal,10
1068313,In-Store Offer,Adelaide TreeClimb Grand Course,Explore New Adventures and get 7% Cashback,,Pokitpal,10
1068316,In-Store Offer,Adelaide TreeClimb Kids Course,Explore New Adventures and get 7% Cashback,,Pokitpal,10
1068314,In-Store Offer,Afternoon Beach Horse Ride,Explore New Adventures and get 7% Cashback,,Pokitpal,10
1068310,In-Store Offer,"Airlie Beach up to 15,000ft Tandem Skydive",Explore New Adventures and get 7% Cashback,,Pokitpal,10
1068309,In-Store Offer,Alice Springs Desert Park,Explore New Adventures and get 7% Cashback,,Pokitpal,10
1068399,In-Store Offer,pureBIO New Zealand,Get $5 Cashback when you spend $50,,Pokitpal,10
1068458,In-Store Offer,CaliWoods New Zealand,Get 7% Cashback when you spend $120,,Pokitpal,10
1068231,In-Store Offer,The Wild Rose New Zealand,7% Cashback on First Purchase,,Pokitpal,10
1068232,In-Store Offer,The Wild Rose New Zealand,7% Cashback on First Purchase,,Pokitpal,10
1068396,In-Store Offer,Pelago,10% Cashback on All Purchases,,Pokitpal,10
1068349,In-Store Offer,Ocean & Green New Zealand,Get 5% Cashback when you spend $75,,Pokitpal,10
1068435,In-Store Offer,Backpacker Deals - Camel Express Uluru,7% Cashback on All Purchases,,Pokitpal,10
1068436,In-Store Offer,Backpacker Deals - Jumping Crocodile Tour from Darwin,7% Cashback on All Purchases,,Pokitpal,10
1068434,In-Store Offer,Backpacker Deals - One Day Kangaroo Island Experience from Adelaide,7% Cashback on All Purchases,,Pokitpal,10
1068237,In-Store Offer,Travello - Airlie Beach Ocean Rafting Adventure Day Tour,7% Cashback on All Purchases,,Pokitpal,10
1049550,Home and Lifestyle,Nara Charcoal Towel Set,Save up to 10% on RRP,,Kappel,10
1049551,Home and Lifestyle,Nara White Towel Set,Save up to 10% on RRP,,Kappel,10
1049979,Technology,MultiPot - Red,Save up to 10% on RRP,,Kappel,10
1049980,Technology,MultiPot - Green,Save up to 10% on RRP,,Kappel,10
1049983,Technology,MIXSTAR Compact Stand Mixer,Save up to 10% on RRP,,Kappel,10
1050316,Home and Lifestyle,Emporium Classics Bohemienne Candle and Reed Diffuser Set,Save up to 10% on RRP,,Kappel,10
1050317,Home and Lifestyle,Emporium Classics Snow Gardenia Candle and Reed Diffuser Set,Save up to 10% on RRP,,Kappel,10
1050318,Home and Lifestyle,Emporium Classics Lychee Flower Candle and Reed Diffuser Set,Save up to 10% on RRP,,Kappel,10
1059798,Beauty,4 Braces non - mouldable,$36,,Heysmed,10
1059819,Beauty,"Byron Bay Magnesium Cream Tube, 120g Individual",Pay only $18; RRP $19.90,,Heysmed,10
1059872,Beauty,Rescue Acne Cream [30g],$18,,Heysmed,10
1059873,Beauty,Rescue Acne Trio Pack,$45,,Heysmed,10
1008728,Fashion,Daze  Nites Lingerie  Caloundra  QLD,5% Discount,Not valid in conjunction with any other offer. Excludes sale items and specials,Daze & Nites Lingerie,10
1008987,Home and Lifestyle,Geoff Rayner 14  STANTHORPE  QLD,5% Discount,Terms and Conditions: Not valid in conjunction with any other offer.,Geoff Rayner Photographics,10
1008731,Home and Lifestyle,Schrecks Shoe Store  DALBY  QLD,Get 5% Discount,Terms and Conditions may apply. Please refer to your member website for full details,Schrecks Shoe Store,10
800420,Fashion,Just Irresistible,10% Discount,Terms  Conditions: Not valid in conjunction with any other offer.,Just Irresistible,10
1033096,Fashion,Luxury Plus  Sydney  NSW,Save up to 71% Discount,"Terms  Conditions: Not valid in conjunction with any other offer.Special package for wedding orders (Minimum 3 orders).Purchase up to 2 additional as gifts.Limit of 1 voucher per person. 48-hour cancellation policy applies.$7 surcharge applies for initials being stitched into cuffs.Surcharges apply for designer lining, phone Luxury Plus for details: 0449645526.Order details cannot be changed once the order has been placed.Online appointment booking is compulsory for the selection of fabric and measurement.",Luxury Plus Suits,10
1047578,Beauty,Advance Whitening,15% off first order,,Advance Whitening,10
1033092,Beauty,Arisoo Wellness Spa And Wellness Clinic Chatswood NSW,15% Discount,Terms  Conditions: Not valid in conjunction with any other offer.,Arisoo Wellness Spa And Wellness Clinic,10
1047662,Beauty,Baby Luno,15% off your order,,Baby Luno,10
1013352,Beauty,Calma Medispa  Retreat  Armadale  VIC,20% Discount,20% off up to the value of $25 spent  Terms and Conditions: Only Valid from Monday to Wednesday. Not valid in conjunction with any other offer.,Calma Medispa & Retreat,10
1012973,Beauty,Collins Street Optometrists  Melbourne  VIC,Save 20% on all items purchased!,"Terms and Conditions: 30% deposit required, accounts to be finalized within 30 days. Deposits non-refundable once work on lenses has commenced.",Collins Street Optometrists (formly Eyespace @ 14 Collins St),10
1002315,Beauty,Elegance Eyewear Boutique  Campbelltown  NSW,20% Discount,20% discount on a complete range of spectacles. Terms and Conditions: Not valid in conjunction with any other offer.,Elegance Eyewear Boutique,10
1003232,Beauty,EYEdentity  Elsternwick  VIC,20% Discount,20% off all optical frames. Terms and Conditions may apply. Please refer to your member website for full details,Eyedentity Elsternwick,10
1010221,Beauty,Contax Melbourne VIC,20% Discount,"20% off all contact lenses, frames, and lenses. Terms and conditions: Not valid in conjunction with any other offer. Contax also offers the convenience of a mail order service for contact lenses. Please call for more information.",The Contax Optica Group,10
1023200,Fashion,Yes Fashion,15% Discount,Not valid in conjunction with any other offer.,Yes Fashion,10
1015975,Fashion,Runnulla Performance Footwear and Clothing,20% Discount,Not valid in conjunction with any other offer.,Runnulla Performance Footwear and Clothing,10
1009689,Travel,WA Skydiving Academy  Jandakot  WA,Get 15% Discount,Terms  Conditions: Not valid in conjunction with any other offer.,WA Skydiving Academy,10
1002028,Travel,"Wine Tours Victoria - Gisborne, VIC",Get 20% discount,Terms and conditions: Minimum of 2 people to a maximum of 4 people per coupon. Not valid in conjunction with any other offer.,Wine Tours Victoria,10
1012108,Home and Lifestyle,AGIFT,10% Discount,"Not valid in conjunction with any other offer. Excludes postage and shipping charges, excludes products already discounted, excludes gift vouchers.",AGIFT,10
1029904,Home and Lifestyle,Brizzie Baskets,10% Discount,Not valid in conjunction with any other offer. Visit website for more Tandamp;C.,Brizzie Baskets & Blooms,10
1061436,Beauty,Koala Lilac Shirt 6 Lilac,$23.50,,Byron Bay Healthy Co,10
800057,Fashion,Cinnamon Boutique,10% Discount,Terms  Conditions: Not valid in conjunction with any other offer.,Cinnamon Boutique,10
1002786,Beauty,John Granata Optometrist  Northmead  NSW,10% Discount,Terms and Conditions: Not valid in conjunction with any other offer.MY REWARD: Simply quote MY REWARDS in-store on your next purchase.,John Granata Optometrist,10
801017,Home and Lifestyle,LINDAS PLACE BUNDALL  Bundall  QLD,Get 10% Discount,,Linda's Place,10
1008404,Beauty,Matthews Jewellers,10% discount off normal retail prices,"Terms and Conditions this offer is excluding sale items, catalogue promotions and repairs.",Matthews Jewellers Kotara,10
1008796,Beauty,Mystique Jewellers,10% off jewellery excluding catalogue items. 5% off watches,Terms and Conditions may apply. Please refer to your member website for full details,Mystique Jewellers,10
1009839,Beauty,Backcare Seating Carlton North VIC,Save up to $200,Terms  Conditions: Not valid in conjunction with any other offer.,Backcare & Seating,10
1009492,Beauty,Bell Optometrists  COBURG  VIC,10% Discount,Terms and Conditions may apply. Please refer to your member website for full details,Bell Optometrists,10
1065145,Fashion,Superdry SG,Get 4.5% Cashback,,Cashback Offers AU,10
1065242,Technology,Lenovo South Korea,Get 2% Cashback,,Cashback Offers KR - Flex Offers,10
1065254,Home and Lifestyle,Sunday Bedding,Get 7% Cashback,,Cashback Offers SG - Commission Factory,10
1065146,Travel,Expedia PH,Get 4% Cashback,,Cashback Offers AU,10
1065244,Fashion,Hypergear,Get 7% Cashback,,Cashback Offers MY - Commission Factory,10
1065247,Fashion,Rip Curl MY,Get 5% Cashback,,Cashback Offers MY - Commission Factory,10
1047850,Fashion,2XU AU,Get 2.8% Cashback,,FlexOffers,10
1066576,Home and Lifestyle,Dusk eGift Card,Get 4% Discount,,True Rewards - Standard,10
1065371,Home and Lifestyle,Work From Home eGift Card,"Get 4% Discount on JB Hi-Fi, Bunnings, Amazon, IKEA, Amart, Harvey Norman",,True Rewards - Standard,10
1068308,In-Store Offer,Amaze World Entry Tickets,Explore New Adventures and get 7% Cashback,,Pokitpal,15
1068312,In-Store Offer,Aquaduck Tours Sunshine Coast,Explore New Adventures and get 7% Cashback,,Pokitpal,15
1068315,In-Store Offer,Aquarium by Twilight with 3 Course Dinner,Explore New Adventures and get 7% Cashback,,Pokitpal,15
1068318,In-Store Offer,Archie Brothers Cirque Electriq,Explore New Adventures and get 7% Cashback,,Pokitpal,15
1068319,In-Store Offer,Arro Jet Boat Experience,Explore New Adventures and get 7% Cashback,,Pokitpal,15
1068323,In-Store Offer,ArtVo Gold Coast Tickets,Explore New Adventures and get 7% Cashback,,Pokitpal,15
1068324,In-Store Offer,ArtVo Melbourne Tickets,Explore New Adventures and get 7% Cashback,,Pokitpal,15
1068326,In-Store Offer,Arvo Session,Explore New Adventures and get 7% Cashback,,Pokitpal,15
1068325,In-Store Offer,Ashcombe Maze And Lavender Gardens,Explore New Adventures and get 7% Cashback,,Pokitpal,15
1068327,In-Store Offer,Auckland City And West Coast Day Tour,Explore New Adventures and get 7% Cashback,,Pokitpal,15
1068203,In-Store Offer,Cairns Aquarium & City Sights Tour,Explore New Adventures and get 7% Cashback,,Pokitpal,15
1068209,In-Store Offer,Cairns Aquarium by Sunrise,Explore New Adventures and get 7% Cashback,,Pokitpal,15
1068205,In-Store Offer,Cairns Aquarium by Twilight - Tour,Explore New Adventures and get 7% Cashback,,Pokitpal,15
1068208,In-Store Offer,Cairns Aquarium Entry Ticket and Turtle Hospital Tour,Explore New Adventures and get 7% Cashback,,Pokitpal,15
1068206,In-Store Offer,Cairns Aquarium Entry Tickets,Explore New Adventures and get 7% Cashback,,Pokitpal,15
1068210,In-Store Offer,Cairns Aquarium Marine Life Encounter,Explore New Adventures and get 7% Cashback,,Pokitpal,15
1068197,In-Store Offer,Cairns Bungy Jumping,Explore New Adventures and get 7% Cashback,,Pokitpal,15
1068207,In-Store Offer,Cairns City 10 Minute Scenic Flight,Explore New Adventures and get 7% Cashback,,Pokitpal,15
1068195,In-Store Offer,Cairns Classic Hot Air Balloon Flight,Explore New Adventures and get 7% Cashback,,Pokitpal,15
1068202,In-Store Offer,Cairns Giant Swing,Explore New Adventures and get 7% Cashback,,Pokitpal,15
1068199,In-Store Offer,Cairns Great Barrier Reef and Port Douglas Scenic Plane Flight,Explore New Adventures and get 7% Cashback,,Pokitpal,15
1068198,In-Store Offer,Cairns Great Barrier Reef Scenic Plane Flight,Explore New Adventures and get 7% Cashback,,Pokitpal,15
1068196,In-Store Offer,"Cairns, Kuranda and Port Douglas 3 Attraction Pass",Explore New Adventures and get 7% Cashback,,Pokitpal,15
1068201,In-Store Offer,"Cairns Tandem Skydive up to 14,000ft",Explore New Adventures and get 7% Cashback,,Pokitpal,15
1068204,In-Store Offer,"Cairns Tandem Skydive up to 15,000ft",Explore New Adventures and get 7% Cashback,,Pokitpal,15
1068212,In-Store Offer,Caloundra 105 Minute Jetski Tour,Explore New Adventures and get 7% Cashback,,Pokitpal,15
1068213,In-Store Offer,Caloundra 4 Hour Jetski Tour,Explore New Adventures and get 7% Cashback,,Pokitpal,15
1068211,In-Store Offer,Caloundra 75 Minute Jetski Tour,Explore New Adventures and get 7% Cashback,,Pokitpal,15
1068223,In-Store Offer,Canberra Floriade Day Trip from Sydney,Explore New Adventures and get 7% Cashback,,Pokitpal,15
1068216,In-Store Offer,Cape Leeuwin Lighthouse Tour,Explore New Adventures and get 7% Cashback,,Pokitpal,15
1068220,In-Store Offer,Cape Naturaliste Lighthouse Fully Guided Tower Tour,Explore New Adventures and get 7% Cashback,,Pokitpal,15
1068224,In-Store Offer,Cascades Female Factory Site Entry and Convict Womens Tour,Explore New Adventures and get 7% Cashback,,Pokitpal,15
1068222,In-Store Offer,Cascades Female Factory Site Entry with Audio Tour,Explore New Adventures and get 7% Cashback,,Pokitpal,15
1068215,In-Store Offer,Cathedral Cove Kayaking Tour,Explore New Adventures and get 7% Cashback,,Pokitpal,15
1068236,In-Store Offer,Travello - Grampians National Park & Wildlife Day Tour,7% Cashback on All Purchases,,Pokitpal,15
1068235,In-Store Offer,"Travello - Skydive Sydney-Wollongong 15,000ft Tandem Skydiving",7% Cashback on All Purchases,,Pokitpal,15
1068238,In-Store Offer,Travello - Sunlover Reef Cruises - Cairns Great Barrier Reef Day Tour,7% Cashback on All Purchases,,Pokitpal,15
1068351,In-Store Offer,Sportsfuel New Zealand,7% Cashback on All Purchases,,Pokitpal,15
1068352,In-Store Offer,Sportsfuel New Zealand,7% Cashback on All Purchases,,Pokitpal,15
1068389,In-Store Offer,Number One Shoes,Up to 10% Cashback on All Purchases,,Pokitpal,15
1068337,In-Store Offer,Hello & Cookie New Zealand,5% Cashback on First Purchase,,Pokitpal,15
1068387,In-Store Offer,Paddock to Pantry New Zealand,5% Cashback on First Purchase,,Pokitpal,15
1068388,In-Store Offer,Paddock to Pantry New Zealand,5% Cashback on First Purchase,,Pokitpal,15
1068427,In-Store Offer,The Meat Box New Zealand,$10 Cashback on First Purchase,,Pokitpal,15
1050319,Home and Lifestyle,Emporium Classics Belladonna Candle and Reed Diffuser Set,Save up to 10% on RRP,,Kappel,15
1059877,Beauty,Purify Facial Cleanser - 50mL,$16,,Heysmed,15
1059878,Beauty,Purify Facial Cleanser  - 100mL,$19,,Heysmed,15
1059880,Beauty,Rescue Acne Foaming Cleanser,$18,,Heysmed,15
1059885,Beauty,Rescue Pore Refiner Essence,$22,,Heysmed,15
1059887,Beauty,Radiant Rose Mask,$32,,Heysmed,15
1059888,Beauty,Rescue Eye Treatment,$38,,Heysmed,15
1059889,Home and Lifestyle,Healing Lip Balm,Pay only $11; RRP $11.95,,Heysmed,15
1059892,Beauty,Eco-Clear Body Bar,Pay only $8; RRP $8.95,,Heysmed,15
1059894,Beauty,Olive Cleansing Bar,Pay only $8; RRP $8.95,,Heysmed,15
1049336,Beauty,New Age Vita-Peptide Eye Cream 15ml,Save upto 15% on RRP,,Kappel,15
1014101,Travel,Glen Eden Beach Resort  Sunshine Coast  QLD,Get 10% discount,Subject to availability. Not available in high season.,Glen Eden Beach Resort,15
1011943,Travel,Gold Rush Mini Golf  Warrenheip   VIC,Two for the price of one!,Terms  Conditions: Not valid in conjunction with any other offer.,Gold Rush Indoor and Outdoor Mini Golf,15
1009213,Travel,Happy Wanderer Holiday Resort  WARTOOK  VIC,Get 10% discount,Terms and Conditions: Not available peak periods.,Happy Wanderer Holiday Resort,15
1015411,Travel,Comfort Inn Haven Marina  Glenelg North  SA,Get 10% Discount,Not valid in conjunction with any other offer.,Haven Marina,15
1011894,Travel,John Pirie Motor Inn  Port Pirie  SA,10% off accommodation,Terms and Conditions:Not valid for group bookings. Not valid in conjunction with any other offer.,John Pirie Motor Inn,15
1014135,Travel,Mt Barney Lodge Country Retreat  Mount Barney  QLD,SAVE 10% off the best advertised rate!,Terms and Conditions: This does not apply to Easter and public holidays or any camping bookings.,Mount Barney Lodge Country Retreat,15
1008321,Travel,Outback Villas  Broken Hill  NSW,Get 7.5% Discount,Terms and Conditions: Not valid in conjunction with any other offer.,Outback Villas,15
1012951,Travel,Pagoda Resort  Spa  Como  WA,Get 10% discount,"Terms and Conditions: Not valid Saturday evenings, public holidays, special events, Christmas Eve, Christmas Day, New Year's Eve, and New Year's Day or with any other offer. A membership card must be presented to redeem the offer.",Pagoda Resort & Spa,15
1013031,Travel,Putt Putt Golf  MERMAID BEACH  QLD,Adults at kid's prices or $10 off a Family Pass.,Not valid in conjunction with any other offer. Adults at kid's prices or $10 off a Family Pass,Putt Putt Golf Mermaid Beach,15
1045233,Travel,Ravenswood River Resort  RAVENSWOOD  WA,Get 10% discount,Terms and conditions: Not valid in conjunction with any other offer.,Ravenswood River Resort,15
800010,Home and Lifestyle,Retaw Australia  CROYDON PARK  NSW,Get 10% Discount,Terms  Conditions: Not valid in conjunction with any other offer.,Retaw Australia Pty Ltd,15
1012029,Home and Lifestyle,Royal Casino Events  Eltham  VIC,Get 10% Discount,Terms and Conditions may apply. Please refer to your member website for full details.,Royal Casino Events,15
1009134,Home and Lifestyle,SA Statewide Pest Control  MODBURY HEIGHTS  SA,10% Discount,Terms and Conditions: Not valid in conjunction with any other offer.,SA Statewide Pest Control,15
1003220,Travel,Seahorse World  Beauty Point  TAS,Get $2 Discount,Not valid in conjunction with any other offer.,Seahorse World,15
800995,Home and Lifestyle,Shellmac Distributors,Get 10% Discount,,Shellmac Distributors,15
1030715,Home and Lifestyle,Simply Gifts,Get 10% Discount,Not valid in conjunction with any other offer.,simplygifts,15
1024304,Fashion,Sportspower Cowra,10% Discount,,Sportspower Cowra,15
800177,Home and Lifestyle,Surfers Choice,10% Discount,Terms  Conditions: Not valid in conjunction with any other offer.,Surfers Choice,15
1003331,Travel,Tropic Wings Cairns Tours  Cairns City  QLD,Get 10% Discount,Terms  Conditions: Not valid in conjunction with any other offer. Must be booked direct.,Tropic Wings Cairns Tours & Charters,15
1008530,Home and Lifestyle,Wizard Carpet Cleaning  Moruya  NSW,Get 10% discount,Not valid in conjunction with any other offer.,Wizard Clean,15
1008628,Travel,Bottle Tree Gardens  Roma  QLD,Get 5% Discount,Not valid in conjunction with any other offer.,Bottle Tree Gardens,15
1012867,Home and Lifestyle,Drymaster Carpet Cleaning  Mount KuringGai  NSW,5% Discount on all services!,Terms  Conditions: Not valid in conjunction with any other. 5% discount applies to the regular price list advertised on the website.,Drymaster Carpet Cleaning,15
1008748,Fashion,Gleesons Mercery  Stanthorpe  QLD,5% Discount,Not valid in conjunction with any other offer.,Gleesons Mercery,15
1008805,Home and Lifestyle,Hot Copper  Stanthorpe  QLD,5% Discount,Not valid in conjunction with any other offer.,Hot Copper,15
1015220,Home and Lifestyle,Tranquillity Landscapes and Decking  Taren Point  NSW,Save 5% off labour quoted PLUS 10% off Design Packages,Not valid in conjunction with any other offer. Only one offer applies to each applicant. Must provide a membership card or coupon on-site visit to receive the discount.,Tranquillity Landscapes and Decking,15
801242,Automotive,TONI'S PRESTIGE MOTORS PTY LTD,5% Discount,Terms and Conditions: Not valid in conjunction with any other offer.,TONI'S PRESTIGE MOTORS PTY LTD,15
801087,Automotive,WIDE BAY CARAVAN SALES & REPAIRS,5% Discount,Terms and Conditions: Not valid in conjunction with any other offer. See instore for full TandC.,Wide Bay Caravans,15
1047313,Beauty,White Fox Boutique,Get up to 6% Cashback,,Cashback Offers AU,15
1030118,Home and Lifestyle,Glow Heating Cooling Electrical  Middleton  SA,Get $100 cash back,,Glow Heating Cooling Electrical South Coast,15
1050758,Fashion,Belle & Bloom,Get 4% Cashback,,Cashback Offers AU,15
1050706,Fashion,Coach Outlet,Get 4% Cashback,,Cashback Offers AU,15
1047242,Beauty,Jurlique,Get 5% Cashback,,Cashback Offers AU,15
1050874,Fashion,Kivari,Get up to 7% Cashback,,Cashback Offers AU,15
1050792,Technology,Billy Guyatts,Get 1% Cashback,,Cashback Offers AU,15
1066578,Travel,Adrenaline eGift Card,Get 4% Discount,,True Rewards - Standard,15
1066579,Travel,Global Experience eGift Card,Get 4% Discount,,True Rewards - Standard,15
1068217,In-Store Offer,Chefs Table Experience,Explore New Adventures and get 7% Cashback,,Pokitpal,25
1068219,In-Store Offer,CherryHill Orchard Coldstream,Explore New Adventures and get 7% Cashback,,Pokitpal,25
1068221,In-Store Offer,CherryHill Orchard Wandin East,Explore New Adventures and get 7% Cashback,,Pokitpal,25
1068214,In-Store Offer,Christchurch Gondola Tickets,Explore New Adventures and get 7% Cashback,,Pokitpal,25
1068218,In-Store Offer,Christmas in July Cruise on Sydney Harbour,Explore New Adventures and get 7% Cashback,,Pokitpal,25
1068227,In-Store Offer,City Winery Wine And Food Pairing Experience,Explore New Adventures and get 7% Cashback,,Pokitpal,25
1068226,In-Store Offer,City Winery Wine Blending Workshop,Explore New Adventures and get 7% Cashback,,Pokitpal,25
1068228,In-Store Offer,City Winery Wine Tasting with Lunch,Explore New Adventures and get 7% Cashback,,Pokitpal,25
1068225,In-Store Offer,Classic Rattler Run: Return Heritage Railway Train Journey,Explore New Adventures and get 7% Cashback,,Pokitpal,25
1068030,In-Store Offer,Clay Target Shooting,Explore New Adventures and get 7% Cashback,,Pokitpal,25
1068229,In-Store Offer,Cleland Wildlife Park Tour from Adelaide,Explore New Adventures and get 7% Cashback,,Pokitpal,25
1068033,In-Store Offer,Coffs Harbour Treetop Adventure Park,Explore New Adventures and get 7% Cashback,,Pokitpal,25
1068034,In-Store Offer,Cook Island Scuba Diving Tour,Explore New Adventures and get 7% Cashback,,Pokitpal,25
1068053,In-Store Offer,Dolphin and Seal Swim Reef Snorkel Tour,Explore New Adventures and get 7% Cashback,,Pokitpal,25
1068051,In-Store Offer,Dolphin and Seal Swim Tour in Queenscliff,Explore New Adventures and get 7% Cashback,,Pokitpal,25
1068052,In-Store Offer,Dolphin and Tangalooma Wrecks Cruise with Transfers,Explore New Adventures and get 7% Cashback,,Pokitpal,25
1068058,In-Store Offer,Dolphin Cruise & Views,Explore New Adventures and get 7% Cashback,,Pokitpal,25
1068054,In-Store Offer,Dolphin Sanctuary & Ships Graveyard Kayak Tour,Explore New Adventures and get 7% Cashback,,Pokitpal,25
1068056,In-Store Offer,Doubtful Sound Wilderness Cruise from Manapouri,Explore New Adventures and get 7% Cashback,,Pokitpal,25
1068059,In-Store Offer,Draculas Cabaret Dinner and Show,Explore New Adventures and get 7% Cashback,,Pokitpal,25
1068057,In-Store Offer,Dreamtime Gorge Walk,Explore New Adventures and get 7% Cashback,,Pokitpal,25
1068063,In-Store Offer,Dreamworld and SkyPoint 2 Day Ticket,Explore New Adventures and get 7% Cashback,,Pokitpal,25
1068065,In-Store Offer,Dreamworld and WhiteWater World 2 Day Ticket,Explore New Adventures and get 7% Cashback,,Pokitpal,25
1068064,In-Store Offer,Dreamworld Interstate Annual Pass,Explore New Adventures and get 7% Cashback,,Pokitpal,25
1068055,In-Store Offer,"Duffy Down Under Boat Hire, Tours and Cruises",Explore New Adventures and get 7% Cashback,,Pokitpal,25
1068066,In-Store Offer,Effervescence - A Sparkling Experience,Explore New Adventures and get 7% Cashback,,Pokitpal,25
1068061,In-Store Offer,Epic Duo Jet Sprint Boat and Clay Bird Shooting,Explore New Adventures and get 7% Cashback,,Pokitpal,25
1068060,In-Store Offer,Epic Duo Jet Sprint Boat and Tier 2 Off Roader,Explore New Adventures and get 7% Cashback,,Pokitpal,25
1068062,In-Store Offer,Epic Duo Tier 2 Off Roader and Clay Bird Shooting,Explore New Adventures and get 7% Cashback,,Pokitpal,25
1068070,In-Store Offer,Escape Hunt Melbourne,Explore New Adventures and get 7% Cashback,,Pokitpal,25
1068069,In-Store Offer,Escape Hunt Sydney,Explore New Adventures and get 7% Cashback,,Pokitpal,25
1068086,In-Store Offer,Full Day Brewery & Distillery Tour,Explore New Adventures and get 7% Cashback,,Pokitpal,25
1068084,In-Store Offer,Full Day Lake Mountains Snow Tour from Melbourne,Explore New Adventures and get 7% Cashback,,Pokitpal,25
1068085,In-Store Offer,Full Day Learn to Surf Adventure,Explore New Adventures and get 7% Cashback,,Pokitpal,25
1068082,In-Store Offer,"Full-Day Margaret River, Winery & Busselton Jetty",Explore New Adventures and get 7% Cashback,,Pokitpal,25
1068089,In-Store Offer,Full Day Mount Tamborine Wine Tasting Tour including Gourmet Lunch from Brisbane,Explore New Adventures and get 7% Cashback,,Pokitpal,25
1068088,In-Store Offer,Full Day Rock Climbing and Abseiling Adventure,Explore New Adventures and get 7% Cashback,,Pokitpal,25
1068092,In-Store Offer,Full Day Routeburn Canyoning Adventure,Explore New Adventures and get 7% Cashback,,Pokitpal,25
1068093,In-Store Offer,Full Day Tour to Mt Cook from Queenstown,Explore New Adventures and get 7% Cashback,,Pokitpal,25
1068091,In-Store Offer,"Full-Day Wave Rock, Historic York & Corrigin",Explore New Adventures and get 7% Cashback,,Pokitpal,25
1068109,In-Store Offer,General Admission & Coral Biobank Tour,Explore New Adventures and get 7% Cashback,,Pokitpal,25
1068108,In-Store Offer,Geothermal Trails,Explore New Adventures and get 7% Cashback,,Pokitpal,25
1068106,In-Store Offer,Go Behind The Label,Explore New Adventures and get 7% Cashback,,Pokitpal,25
1068107,In-Store Offer,"Go Karting, Laser Tag and Indoor Climbing Combo",Explore New Adventures and get 7% Cashback,,Pokitpal,25
1068099,In-Store Offer,Gold Coast Aerobatic Flights,Explore New Adventures and get 7% Cashback,,Pokitpal,25
1068105,In-Store Offer,Gold Coast Classic Ballooning & Vineyard Breakfast with Photos,Explore New Adventures and get 7% Cashback,,Pokitpal,25
1068094,In-Store Offer,Gold Coast Dolphin and Stradbroke Island Kayaking Tour,Explore New Adventures and get 7% Cashback,,Pokitpal,25
1068102,In-Store Offer,Gold Coast Escape Room Experience & Bar,Explore New Adventures and get 7% Cashback,,Pokitpal,25
1068110,In-Store Offer,Gold Coast Escape Room - Paradise Prison,Explore New Adventures and get 7% Cashback,,Pokitpal,25
1068101,In-Store Offer,Gold Coast Hot Air Balloon Flight with BONUS photo package,Explore New Adventures and get 7% Cashback,,Pokitpal,25
1068096,In-Store Offer,Gold Coast Ice Skating,Explore New Adventures and get 7% Cashback,,Pokitpal,25
1068098,In-Store Offer,Gold Coast Indoor Skydiving,Explore New Adventures and get 7% Cashback,,Pokitpal,25
1068095,In-Store Offer,Gold Coast Introductory Scuba Dive Tour,Explore New Adventures and get 7% Cashback,,Pokitpal,25
1068100,In-Store Offer,Gold Coast JetBlast Jetboat Ride from Main Beach,Explore New Adventures and get 7% Cashback,,Pokitpal,25
1068097,In-Store Offer,Gold Coast Kayaking and Snorkelling Tour to Wavebreak Island,Explore New Adventures and get 7% Cashback,,Pokitpal,25
1068104,In-Store Offer,Gold Coast Parasail,Explore New Adventures and get 7% Cashback,,Pokitpal,25
1068103,In-Store Offer,Gold Coast Parasail and Jet Ski Combo,Explore New Adventures and get 7% Cashback,,Pokitpal,25
1068111,In-Store Offer,Gold Coast Parasailing,Explore New Adventures and get 7% Cashback,,Pokitpal,25
1068112,In-Store Offer,Gold Coast Premium Jetboat Ride from Main Beach,Explore New Adventures and get 7% Cashback,,Pokitpal,25
1068114,In-Store Offer,"Gold Coast Skydiving - 12,000ft",Explore New Adventures and get 7% Cashback,,Pokitpal,25
1068113,In-Store Offer,Gold Coast Snorkelling Tours,Explore New Adventures and get 7% Cashback,,Pokitpal,25
1068122,In-Store Offer,Gold Coast Tandem Parasail and Jet Boat Package,Explore New Adventures and get 7% Cashback,,Pokitpal,25
1068117,In-Store Offer,Gold Coast Tiger Moth Flight - 15 Minutes,Explore New Adventures and get 7% Cashback,,Pokitpal,25
1068116,In-Store Offer,Gold Coast Tiger Moth Flight - 25 Minutes,Explore New Adventures and get 7% Cashback,,Pokitpal,25
1068121,In-Store Offer,Gold Coast Turf Club General Admission Entry,Explore New Adventures and get 7% Cashback,,Pokitpal,25
1068115,In-Store Offer,Gold Coast Wax Museum Tickets,Explore New Adventures and get 7% Cashback,,Pokitpal,25
1068119,In-Store Offer,Gordon Wild Rivers Explorer,Explore New Adventures and get 7% Cashback,,Pokitpal,25
1068125,In-Store Offer,Gorge Wildlife Park General Admission Tickets,Explore New Adventures and get 7% Cashback,,Pokitpal,25
1067639,In-Store Offer,Azura Runway,5% Cashback on All Purchases,,Pokitpal,25
1068341,In-Store Offer,iL Tutto,5% Cashback on All Purchases,,Pokitpal,25
1068358,In-Store Offer,Legoe Heritage,5% Cashback on All Purchases,,Pokitpal,25
1068379,In-Store Offer,Najo,5% Cashback on All Purchases,,Pokitpal,25
1068382,In-Store Offer,Nomad the Label,5% Cashback on All Purchases,,Pokitpal,25
1067638,In-Store Offer,Aster & Oak Organic,7% Cashback on All Purchases,,Pokitpal,25
1068461,In-Store Offer,Chilled Wrens Boutique Instore,10% Cashback on All Purchases (maximum of $40 Cashback),,Pokitpal,25
1068462,In-Store Offer,Chilled Wrens Boutique Online,10% Cashback on All Purchases (maximum of $40 Cashback),,Pokitpal,25
1068243,In-Store Offer,Victorian Boat Training,10% Cashback on All Purchases,,Pokitpal,25
1067634,In-Store Offer,Aqua Sculpt,Get $20 Cashback when you spend $100,,Pokitpal,25
1068460,In-Store Offer,CandleXchange Instore,Up to 10% Cashback on All Purchases,,Pokitpal,25
1068437,In-Store Offer,Baia The Italian,6% Cashback on all Purchases,,Pokitpal,25
1068369,In-Store Offer,Mansfield Menswear Instore,4.50% Cashback on All Purchases,,Pokitpal,25
1068372,In-Store Offer,Maverick & Co,5% Cashback on All Purchases,,Pokitpal,25
1068380,In-Store Offer,Neverland,5% Cashback on All Purchases,,Pokitpal,25
1068245,In-Store Offer,Wanderlink,4% Cashback on All Purchases,,Pokitpal,25
1059896,Beauty,Spirulina Salt Scrub,$24,,Heysmed,25
1059898,Beauty,Skin Boost Pack,$33,,Heysmed,25
1059900,Beauty,Reveal Your Inner Glow Pack,$42,,Heysmed,25
1049342,Beauty,New Age Cellular Repair Face Cream 50ml,Save up to 15% on RRP,,Kappel,25
1049344,Beauty,New Age Active Thermal Exfoliant 50ml,Save up to 15% on RRP,,Kappel,25
1049348,Beauty,Live Well Work From Home Bundle,Save up to 15% on RRP,,Kappel,25
1049352,Beauty,Live Well Mini Ceramic Mood Lamp,Save up to 15% on RRP,,Kappel,25
1049353,Beauty,Live Well Mini Ceramic USB Diffuser,Save up to 15% on RRP,,Kappel,25
1049354,Beauty,Live Well Jade Facial Roller,Save up to 15% on RRP,,Kappel,25
1049356,Beauty,Organics Signature Blend Hand Therapy 90ml,Save up to 15% on RRP,,Kappel,25
1049361,Beauty,Organics Deep Hydration Night Cream 50ml,Save up to 15% on RRP,,Kappel,25
1049362,Beauty,Organics Daily Renewal Exfoliant 90ml,Save up to 15% on RRP,,Kappel,25
1049367,Beauty,Rest & Restore Calming Sleep Pack,Save up to 15% on RRP,,Kappel,25
1049370,Beauty,"Live Well Essential Oil Diffuser and Essential Oil Pack - Spirit, Dream, Calm",Save up to 15% on RRP,,Kappel,25
1049371,Beauty,"Live Well Essential Oil Diffuser and Essential Oil Pack - Signature, Clarity, Breathe",Save up to 15% on RRP,,Kappel,25
1049380,Beauty,Instant Revival Power Mask 50ml,Save up to 15% on RRP,,Kappel,25
1050591,Home and Lifestyle,O Wine Tumbler Cabernet/ Merlot Glass - Set of 4,Pay only $99.00; RRP $110.00,,Kappel,25
1050593,Home and Lifestyle,O Wine Tumbler Pinot Noir Glass - Set of 4,Pay only $99.00; RRP $110.00,,Kappel,25
1068345,In-Store Offer,Joonya,5% Cashback for New Customers,,Pokitpal,25
1068251,In-Store Offer,You & All,5% Cashback on All Purchases,,Pokitpal,25
1068342,In-Store Offer,Ivy and Lark,7% Cashback on All Purchases,,Pokitpal,25
1068480,In-Store Offer,Epic Arena,10% Cashback on All Purchases,,Pokitpal,25
1059752,Home and Lifestyle,Soft/Medium Brux Guard - Mouldable,"Pay only $36, RRP $45.95",,Heysmed,25
1059753,Home and Lifestyle,8 + Mouthguard Universal,Pay only $14; RRP $17.95,,Heysmed,25
1059754,Home and Lifestyle,Bakball - Relief Regular -Red,Pay only $32; RRP $39.95,,Heysmed,25
1059795,Beauty,MYOSA Anti Snore Guard - mouldable,Pay only $65; RRP $85.95,,Heysmed,25
1059797,Beauty,4 Braces Mouldable,Pay only $36; RRP $45.95,,Heysmed,25
1047592,Beauty,Bare by Bauer,10% off selected items,,Bare by Bauer,25
1014142,Beauty,Bio Logic Labs Fortitude Valley QLD,10% Discount,Terms and Conditions: Not valid in conjunction with any other offer.,Biologic Labs,25
1002779,Beauty,Chineseway Health Centre Burleigh Heads  Burleigh Heads  QLD,10% Discount,Terms and Conditions: Not Valid in conjunction with any other offer.,Chineseway Health Centre Burleigh Heads,25
1043404,Beauty,Clear Life  Armadale  VIC,Complimentary Consultation,,Clear Life,25
1013416,Beauty,First Things First Wellness Centre  Hermit Park  QLD,Complimentary session in the Detox Box,Terms and Conditions: Purchase a 55minute massage and receive a complimentary session in our Detox Box. Valid for 1 Detox Box session only.,First Things First Wellness Centre,25
800569,Home and Lifestyle,SaleYards Veterinary Clinic  Gunnedah   NSW,Get 10% Discount,Terms  Conditions: Not valid in conjunction with any other offer.,Gunnedah Saleyards Vet Clinic,25
800591,Home and Lifestyle,WESTERN NAMOI  VETERINARY SERVICE  Narrabri  NSW,Get 10% Discount,Terms and Conditions: Not valid in conjunction with any other offer.,WESTERN NAMOI  VETERINARY SERVICE,25
1009564,Eat and Drink,First Last Hotel NORTH COBURG  VIC,Member Special,Terms and Conditions may apply. Please refer to your member website for full details.,First & Last Hotel,25
1009714,Beauty,Floreat Physiotherapy  FLOREAT  WA,$5 Discount,Terms and Conditions may apply. Please refer to your member website for full details,Floreat Physiotherapy,25
1009074,Travel,Loxton Hotel  LOXTON  SA,Get 10% Discount,Terms and Conditions: Not available with any other offer/special/promotion.,Loxton Hotel,25
801173,Travel,LUCAS HOTEL  Latrobe  TAS,Get 10% discount,Terms and Conditions may apply. Please refer to your member website for full details,Lucas Hotel,25
1066486,Eat and Drink,Midway Point Tavern Midway Point TAS,$10 second main meal,Terms  Conditions:Not valid in conjunction with any other offer.,Midway Point Tavern,25
1009304,Fashion,Panthers Mensland Leongatha VIC,10% Discount,Terms and Conditions: Not valid in conjunction with any other offer.,"Panthers Mensland, Leongatha",25
1024132,Eat and Drink,Lilly  Rose Sweet Shoppe  Hobart  TAS,Up to 15% Discount,Terms and Conditions: Not valid in conjunction with any other offer or special.,VENUS CONFECTIONARY AND LILLY ROSE SWEET SHOPPE,25
1047556,Eat and Drink,Wholesomeness,10% Off,,Wholesomeness,25
1013506,Eat and Drink,Yellowfin Seafood Restaurant  Broadbeach  QLD,Save 10% on the total food bill!,Terms and Conditions: Not applicable with other offers or discounts or special menus.,Yellowfin Seafood Restaurant,25
1061434,Beauty,Botani PHYTOSEPTIC Cream 30 gram,Pay only $10.50; RRP $19.95,,Byron Bay Healthy Co,25
1000532,Travel,Laser Corps  Henley Brook  WA,Get 50% Discount,Terms  Conditions:Not valid in conjunction with any other offer.Valid for open sessions only. Bookings essential. Conditions apply.,Laser Corps Swan Valley,25
1010082,Travel,World Series Paintball  Oakleigh  VIC,Get 25% discount,Terms and conditions: Not valid in conjunction with any other offer. Bookings essential.,World Series Paintball,25
1027416,Eat and Drink,Punjabi Palace  South Brisbane  QLD,Up to 10% Discount,Not valid in conjunction with any other offer or specials. Dinner only.,Punjabi Palace,25
1015010,Financial Services,Avonlea Labels,15% Discount,All Labels to be paid for prior to dispatch online OR by cheque. 10% discount is for first orders only. Conditions apply for free artwork from key visual supplied.,Avonlea Labels,25
1047631,Beauty,Cartel Flowers,20% Off,,Cartel Flowers,25
1028139,Fashion,Chi The Label,15% Discount,,Chi Boutique Pty Ltd (Chi The Label),25
1024158,Beauty,Hope & Me,15% Discount,Not valid in conjunction with any other offer or special.,Hope & Me,25
1027867,Eat and Drink,Hatchers Manor  RICHMOND  TAS,20% Discount,Not in conjunction with any other offer. Valid on dine-in only.,Hatchers Manor,25
1003347,Travel,Infinity Attraction  Surfers Paradise  QLD,Get 15% discount,Terms  Conditions: Not valid in conjunction with any other offer.Present membership cardin-store when redeeming tickets,Infinity Attraction,25
1029333,Travel,Oysta La Vista  Stansbury   SA,Get 20% discount,"Terms and Conditions: Not valid on Easter, Long Weekends, January school holidays. Not valid in conjunction with any other offer.",Oysta La Vista,25
1015358,Travel,Paradise in Palm Cove  Greendale  VIC,Get 20% Discount,Not valid in conjunction with any other offer. Please refer to the website for the full list of terms and conditions.,Paradise in Palm Cove,25
1014968,Home and Lifestyle,Photoshea Photography   Calandra  QLD,SAVE 20% discount on all photography packages!,Not valid in conjunction with any other offer.,Photoshea Photography,25
1002378,Travel,Pot Black Family Pool  Snooker Centres  Cannington  WA,Get 20% discount,Terms  Conditions: Not valid in conjunction with any other offer.,Pot Black Family Pool and Snooker Centre Cannington,25
1029453,Travel,Pulo Pool Parlour  Melbourne  VIC,Get 15% Discount,Terms and Conditions: Not valid in conjunction with any other offer.,Pulo Pool Parlour,25
1029295,Travel,Skydive Ramblers Sunshine Coast   Marcoola  QLD,Get 15% Discount,"Terms andamp; Conditions: Prior booking is necessary. Offer is subject to availability. Offer not valid in conjunction with any other ongoing offer/ promotion. Maximum weight limit per person is 95 kg. Minimum Age limit is 12 years. Parental consent is require for all children under 18 years. Tandamp;C apply
// 

//",Skydive Ramblers Sunshine Coast,25
25214,Travel,Tamar River Cruises  Launceston  TAS,Get 15% Discount,Not valid in conjunction with any other offer.Valid for adult fares and direct bookings only.,Tamar River Cruises,25
801026,Travel,ACTIVE WATERSPORTS PTY LTD  Albury  NSW,Get 10% discount,Terms and Conditions may apply. Please refer to your member website for full details,Active Water Sports,25
1000624,Travel,Alice Springs Reptile Centre  The Gap  NT,Discounted Tickets,$12.00 adults and $5.50 children entry. TERMS and CONDITIONS: Not valid in conjunction with any other offer.,Alice Springs Reptile Centre,25
1000656,Travel,Alice Springs Telegraph Station  Stuart  NT,Get 10% Discount,Terms  Conditions: Not valid in conjunction with any other offer.,Alice Springs Telegraph Station Historical Reserve,25
1065854,Eat and Drink,Amazing Aromass,10% [currency_name]*,10% after a minimum spend of $30 and maximum rewards are capped at $20,Amazing Aromass,25
1012712,Travel,Amber Lodge Bed  Breakfast  Tamborine Mountain  QLD,Save $75,Not valid in conjunction with any other offer. Offer is only available mid-week Sunday - Thursday nights.,Amber Lodge Bed & Breakfast,25
1025775,Travel,Anderson Events  Sydney  NSW,Get 10% Discount,Terms and Conditions: Copyright 2009 by Anderson Events and/or its suppliers. All rights reserved. Not valid in conjunction with any other offer. All members get a 10% discount on the registration fee for any of the competitions.,Anderson Events,25
1012305,Travel,Beachfront Towers  Maroochydore  QLD,Get 10% Discount,Terms and conditions: Not valid in conjunction with any other offer.,Beachfront Towers,25
1008595,Travel,Belaire Place  Caloundra  QLD,Get 10% Discount,Terms and Conditions may apply. Please refer to your member website for full details.,Belaire Place,25
1009200,Travel,Burwood East Motel  BURWOOD EAST  VIC,Get 10% discount,Terms and conditions: Not valid in conjunction with any other offer.,Burwood East Motel,25
1009071,Travel,Cape Jervis Station  Cottages  CAPE JERVIS  SA,Get 10% discount,Terms and conditions: Not valid in conjunction with any other offer.,Cape Jervis Accommodation & Caravan Park,25
800514,Eat and Drink,Candy Kitchen Australia,10% Discount,Terms  Conditions: Not valid in conjunction with any other offer.,Coffs Candy Kitchens,25
1008581,Travel,Comfort Resort Blue Pacific  Mackay  QLD,Get 10% Discount,Terms and Conditions may apply.,Comfort Resort Blue Pacific,25
1009613,Travel,Edge of the Forest  MARGARET RIVER  WA,Get 10% Discount,Terms and Conditions may apply. Please refer to your member website for full details.,Edge of the Forest,25
1010832,Travel,"Esperance Island Cruises - Esperance, WA",Get 10% Discount,Terms  Conditions: Not valid in conjunction with any other offer.,Esperance Island Cruises,25
1013460,Travel,Filippos Tours Australia  Stanthorpe  QLD,Get 10% discount,For a full set of Terms and conditions please visit the website.,Filippo's Tours Australia,25
1035448,Home and Lifestyle,Forty Four Degrees Legal  MELBOURNE  VIC,Conveyancing Services,Not valid in conjunction with any other offer.,Forty Four Degrees Legal,25
1015483,Travel,Geraldton Air Charter  Moonyoonooka  WA,Get 10% Discount,"Not valid in conjunction with any other offer. Minimum of two passengers required. To redeem the offer, it must be booked directly.",Geraldton Air Charter Pty Ltd,25
1012763,Automotive,Ken Self Cycle Centre,10% Discount,,Ken Self Cycle Centre,25
1016236,Home and Lifestyle,Lala Driving School  Rooty Hill  NSW,Great Deals on Driving Lessons,Not valid in conjunction with any other offer. Payments are upfront and cash only.,Lala Driving School,25
801226,Automotive,LAWRENCIA CYCLES,10% Discount,Terms and Conditions may apply. Please refer to your member website for full details,"Lawrencia Cycles- Men, Women & Kids Bikes",25
800190,Home and Lifestyle,Lemon Tree Framing  East Gosford  NSW,Get 10% Discount,Terms  Conditions: Not valid in conjunction with any other offer.,Lemon Tree Framing,25
1008945,Home and Lifestyle,Linear Graphics  Toowoomba City  QLD,Get 10% Discount,,Linear Graphics,25
1045919,Eat and Drink,Koko Black,Get 2.5% Cashback,,Cashback Offers AU,25
1050906,Fashion,Merrell Australia,Get up to 4% Cashback,,Cashback Offers AU,25
1066623,Fashion,Bevilles Jewellers,Get 3.5% Cashback,,Cashback Offers AU,25
1050779,Eat and Drink,Best Gift Cards,Get 5% Cashback,,Cashback Offers AU,25
1047876,Eat and Drink,Brewquets,Get 4% Cashback,,Cashback Offers AU,25
1050710,Technology,Cookware Brands,Get 5% Cashback,,Cashback Offers AU,25
1050611,Eat and Drink,Gourmet Basket,Get 6% Cashback,,Cashback Offers AU,25
1050837,Fashion,Nautica,Get 4% Cashback,,Cashback Offers AU,25
1050836,Fashion,Ozmosis,Get 5% Cashback,,Cashback Offers AU,25
1047877,Beauty,Ella Bache,Get 5.6% Cashback,,FlexOffers,25
1050900,Fashion,Michael Kors,Get 2% Cashback,,Cashback Offers AU,25
1050649,Fashion,Coach,Get 4% Cashback,,Cashback Offers AU,25
1047235,Fashion,JAG,Get 5.5% Cashback,,Cashback Offers AU,25
1049925,Home and Lifestyle,dusk,Get 8% Cashback,,Cashback Offers AU,25
1065368,Home and Lifestyle,Splurge eGift Card,"Get 4% Discount on Country Road, Foot Locker, endota, seed, Adore Beauty, Priceline Pharmacy",,True Rewards - Standard,25
1065370,Entertainment,Thrill eGift Card,"Get 4% Discount on Rebel, Hoyts, City Beach, Playstation, EBGames, Kogan",,True Rewards - Standard,25
1065369,Home and Lifestyle,Indulge eGift Card,"Get 4% Discount on Sunglass Hut, Gourmet Traveller, Webjet.com.au, endota, redballoon, Luxury Escapes",,True Rewards - Standard,25
1066563,Fashion,Forever New eGift Card,Get 4% Discount,,True Rewards - Standard,25
1068124,In-Store Offer,Grampians Adventure Golf,Explore New Adventures and get 7% Cashback,,Pokitpal,40
1068128,In-Store Offer,Grazing Platter Lunch & Signature Wine Tasting for 2,Explore New Adventures and get 7% Cashback,,Pokitpal,40
1068127,In-Store Offer,Grazing platter plus a glass of wine for two people,Explore New Adventures and get 7% Cashback,,Pokitpal,40
1068126,In-Store Offer,Great Australian Wildlife Experience,Explore New Adventures and get 7% Cashback,,Pokitpal,40
1067944,In-Store Offer,Happy Hour Cruise Lake Wanaka,Explore New Adventures and get 7% Cashback,,Pokitpal,40
1067950,In-Store Offer,Hard Times Mine Underground Tour,Explore New Adventures and get 7% Cashback,,Pokitpal,40
1067949,In-Store Offer,Harley Motorcycle or Chopper 4 Trike Sydney City and Bondi Tour,Explore New Adventures and get 7% Cashback,,Pokitpal,40
1067948,In-Store Offer,Harley Motorcycle or Chopper 4 Trike Sydney City Tour,Explore New Adventures and get 7% Cashback,,Pokitpal,40
1067947,In-Store Offer,Hartleys Crocodile Adventures Breakfast with Koalas,Explore New Adventures and get 7% Cashback,,Pokitpal,40
1067954,In-Store Offer,Hartleys Crocodile Adventures Croc Feed Experience,Explore New Adventures and get 7% Cashback,,Pokitpal,40
1067953,In-Store Offer,Hartleys Crocodile Adventures Entry Tickets,Explore New Adventures and get 7% Cashback,,Pokitpal,40
1067952,In-Store Offer,Hartleys Crocodile Adventures General Admission - With Hotel Transfers from Cairns,Explore New Adventures and get 7% Cashback,,Pokitpal,40
1067962,In-Store Offer,Hartleys Crocodile Adventures Half Day Tour,Explore New Adventures and get 7% Cashback,,Pokitpal,40
1067961,In-Store Offer,Hartleys Crocodile Adventures with Port Douglas Transfers,Explore New Adventures and get 7% Cashback,,Pokitpal,40
1067988,In-Store Offer,Jet Boat and Jet Ski,Explore New Adventures and get 7% Cashback,,Pokitpal,40
1067990,In-Store Offer,Jet Boat plus Jet Ski Safari Tour,Explore New Adventures and get 7% Cashback,,Pokitpal,40
1067980,In-Store Offer,Jet Boating in Waiau Gorge,Explore New Adventures and get 7% Cashback,,Pokitpal,40
1067981,In-Store Offer,Jet Flight Simulation Challenge Canberra,Explore New Adventures and get 7% Cashback,,Pokitpal,40
1067989,In-Store Offer,Jet Ski Safari Island Life Experience - 1.5 Hours,Explore New Adventures and get 7% Cashback,,Pokitpal,40
1068343,In-Store Offer,"Jet Ski Safari, Jet Boat and Parasail Combo",Explore New Adventures and get 7% Cashback,,Pokitpal,40
1067991,In-Store Offer,Jet Ski Safari Jet Express - 30 Minutes,Explore New Adventures and get 7% Cashback,,Pokitpal,40
1067992,In-Store Offer,Jet Ski Safari Non Stop Adventure - 1 Hour,Explore New Adventures and get 7% Cashback,,Pokitpal,40
1067993,In-Store Offer,Jet Ski Safari The Tier 2 Adventure - 2.5 Hours,Explore New Adventures and get 7% Cashback,,Pokitpal,40
1067995,In-Store Offer,Jet Sprint Boats,Explore New Adventures and get 7% Cashback,,Pokitpal,40
1067986,In-Store Offer,Jetboat and Wilderness Walk,Explore New Adventures and get 7% Cashback,,Pokitpal,40
1067984,In-Store Offer,Jetski and Flyboard Package,Explore New Adventures and get 7% Cashback,,Pokitpal,40
1067983,In-Store Offer,Jetski and Parasail Package,Explore New Adventures and get 7% Cashback,,Pokitpal,40
1067985,In-Store Offer,"Jetski, Parasail and Flyboard Package",Explore New Adventures and get 7% Cashback,,Pokitpal,40
1067982,In-Store Offer,"Jetski, Parasail and Jetboat Package",Explore New Adventures and get 7% Cashback,,Pokitpal,40
1067994,In-Store Offer,Jewel Cave Fully Guided Tour,Explore New Adventures and get 7% Cashback,,Pokitpal,40
1068005,In-Store Offer,Josef Chromy Winery Tasting and Lunch,Explore New Adventures and get 7% Cashback,,Pokitpal,40
1068009,In-Store Offer,Jurlique Farm Tour,Explore New Adventures and get 7% Cashback,,Pokitpal,40
1068000,In-Store Offer,Kaituna River Grade 5 White Water Rafting,Explore New Adventures and get 7% Cashback,,Pokitpal,40
1068003,In-Store Offer,Kawarau Half Day,Explore New Adventures and get 7% Cashback,,Pokitpal,40
1068006,In-Store Offer,Kayaking Paddle And Grazing Platter Experience,Explore New Adventures and get 7% Cashback,,Pokitpal,40
1068004,In-Store Offer,KGari (Fraser Island) Half Day Eco Sailing Adventure,Explore New Adventures and get 7% Cashback,,Pokitpal,40
1067996,In-Store Offer,Kingston Park Raceway Go Karting,Explore New Adventures and get 7% Cashback,,Pokitpal,40
1068007,In-Store Offer,Kiwi Park,Explore New Adventures and get 7% Cashback,,Pokitpal,40
1067837,In-Store Offer,Lumber Punks Axe Throwing Brisbane,Explore New Adventures and get 7% Cashback,,Pokitpal,40
1067838,In-Store Offer,Lumber Punks Axe Throwing Melbourne,Explore New Adventures and get 7% Cashback,,Pokitpal,40
1067839,In-Store Offer,Lumber Punks Axe Throwing Perth,Explore New Adventures and get 7% Cashback,,Pokitpal,40
1067832,In-Store Offer,Luna Park Sydney Unlimited Ride Pass,Explore New Adventures and get 7% Cashback,,Pokitpal,40
1067846,In-Store Offer,Maggie Beers Farm Shop Interactive Cooking Demonstration,Explore New Adventures and get 7% Cashback,,Pokitpal,40
1067848,In-Store Offer,Maggie Beers Pheasant Farm Wines and Cheese Board Experience,Explore New Adventures and get 7% Cashback,,Pokitpal,40
1067847,In-Store Offer,Maggie Beers Pheasant Farm Wines Tasting,Explore New Adventures and get 7% Cashback,,Pokitpal,40
1067842,In-Store Offer,Magic Show at Melbourne Marriott Hotel,Explore New Adventures and get 7% Cashback,,Pokitpal,40
1067840,In-Store Offer,Main Beach Surfing Lessons,Explore New Adventures and get 7% Cashback,,Pokitpal,40
1067843,In-Store Offer,Maleny Botanic Gardens Aviary Tour,Explore New Adventures and get 7% Cashback,,Pokitpal,40
1067849,In-Store Offer,Mammoth Cave Self-Guided Audio Tour,Explore New Adventures and get 7% Cashback,,Pokitpal,40
1067841,In-Store Offer,Mamu Tropical Skywalk Entry Tickets,Explore New Adventures and get 7% Cashback,,Pokitpal,40
1067844,In-Store Offer,Margaret River Small Group Winery Tour and Tasting,Explore New Adventures and get 7% Cashback,,Pokitpal,40
1067845,In-Store Offer,Margaret River Winery Tour with Wine Tasting and Food Platter,Explore New Adventures and get 7% Cashback,,Pokitpal,40
1067853,In-Store Offer,McLaren Vale & The Cube Experience,Explore New Adventures and get 7% Cashback,,Pokitpal,40
1067851,In-Store Offer,Melbourne Aquarium Shark Dive Xtreme,Explore New Adventures and get 7% Cashback,,Pokitpal,40
1067852,In-Store Offer,Melbourne Bayside Scenic Helicopter Flight,Explore New Adventures and get 7% Cashback,,Pokitpal,40
1067850,In-Store Offer,Melbourne City Balloon Flight,Explore New Adventures and get 7% Cashback,,Pokitpal,40
1067868,In-Store Offer,Melbourne City Discovery Tour,Explore New Adventures and get 7% Cashback,,Pokitpal,40
1067864,In-Store Offer,Melbourne City Moonlight Kayak Tour,Explore New Adventures and get 7% Cashback,,Pokitpal,40
1067863,In-Store Offer,Melbourne City Sights Kayak Tour,Explore New Adventures and get 7% Cashback,,Pokitpal,40
1067854,In-Store Offer,Melbourne Coffee Walking Tour,Explore New Adventures and get 7% Cashback,,Pokitpal,40
1067879,In-Store Offer,"Mission Beach Tandem Skydive up to 15,000ft",Explore New Adventures and get 7% Cashback,,Pokitpal,40
1067880,In-Store Offer,Mooloolaba Ocean Jet Boat Ride,Explore New Adventures and get 7% Cashback,,Pokitpal,40
1067877,In-Store Offer,Moon Point 2 Hour Scenic Jetski Tour,Explore New Adventures and get 7% Cashback,,Pokitpal,40
1067875,In-Store Offer,Moonlit Sanctuary Tickets,Explore New Adventures and get 7% Cashback,,Pokitpal,40
1067876,In-Store Offer,Moreton Island Scuba Diving,Explore New Adventures and get 7% Cashback,,Pokitpal,40
1067882,In-Store Offer,Morialta Wilderness and Wildlife Hike,Explore New Adventures and get 7% Cashback,,Pokitpal,40
1067872,In-Store Offer,Mornington Peninsula Weedy Sea Dragons Snorkel Tour,Explore New Adventures and get 7% Cashback,,Pokitpal,40
1067881,In-Store Offer,Mou Waho Island Cruise and Nature Walk,Explore New Adventures and get 7% Cashback,,Pokitpal,40
1067885,In-Store Offer,Mount Cook 360 Ski Plane Flight,Explore New Adventures and get 7% Cashback,,Pokitpal,40
1067873,In-Store Offer,Mount Cook Heli skiing from Wanaka,Explore New Adventures and get 7% Cashback,,Pokitpal,40
1067886,In-Store Offer,Mount Cook Tier 2 Alpine Experience,Explore New Adventures and get 7% Cashback,,Pokitpal,40
1067878,In-Store Offer,Murray River Day Tour with Cruise from Adelaide,Explore New Adventures and get 7% Cashback,,Pokitpal,40
1067717,In-Store Offer,Te Ra Guided Experience + Hangi,Explore New Adventures and get 7% Cashback,,Pokitpal,40
1067711,In-Store Offer,The Art of Sparkling Experience,Explore New Adventures and get 7% Cashback,,Pokitpal,40
1067713,In-Store Offer,The Bunker at Barooga Sports Club,Explore New Adventures and get 7% Cashback,,Pokitpal,40
1067712,In-Store Offer,The Chicane 6 Drive Laps and 2 Ride Laps,Explore New Adventures and get 7% Cashback,,Pokitpal,40
1067710,In-Store Offer,The Chicane 6 Laps and 2 Hot Laps,Explore New Adventures and get 7% Cashback,,Pokitpal,40
1067714,In-Store Offer,The Ginger Factory Play All Day,Explore New Adventures and get 7% Cashback,,Pokitpal,40
1067709,In-Store Offer,The Ginger Factory Play Bundle,Explore New Adventures and get 7% Cashback,,Pokitpal,40
1067708,In-Store Offer,The Ginger Factory Play Taste and Discover Pass,Explore New Adventures and get 7% Cashback,,Pokitpal,40
1067715,In-Store Offer,The Glass Room Experience,Explore New Adventures and get 7% Cashback,,Pokitpal,40
1067716,In-Store Offer,The Hells Gate Experience,Explore New Adventures and get 7% Cashback,,Pokitpal,40
1067719,In-Store Offer,The National Anzac Centre Admission,Explore New Adventures and get 7% Cashback,,Pokitpal,40
1067720,In-Store Offer,The Original Vasse Felix Margaret River Tour With Private Tasting,Explore New Adventures and get 7% Cashback,,Pokitpal,40
1067728,In-Store Offer,The Origins Tasting,Explore New Adventures and get 7% Cashback,,Pokitpal,40
1067723,In-Store Offer,The Q Train - First Class Lunch Or Dinner Departing Drysdale,Explore New Adventures and get 7% Cashback,,Pokitpal,40
1067722,In-Store Offer,The Q Train - Q Class Lunch Or Dinner Departing Drysdale,Explore New Adventures and get 7% Cashback,,Pokitpal,40
1067726,In-Store Offer,The Qualifier 2 Hot Laps,Explore New Adventures and get 7% Cashback,,Pokitpal,40
1067729,In-Store Offer,The Qualifier 2 Ride Laps,Explore New Adventures and get 7% Cashback,,Pokitpal,40
1067721,In-Store Offer,The Rip Eco Adventure Wildlife Cruise,Explore New Adventures and get 7% Cashback,,Pokitpal,40
1067671,In-Store Offer,The Slingshot 6 Drive Laps,Explore New Adventures and get 7% Cashback,,Pokitpal,40
1067725,In-Store Offer,The Slingshot 6 Laps,Explore New Adventures and get 7% Cashback,,Pokitpal,40
1067670,In-Store Offer,The Slipstream 4 Drive Laps,Explore New Adventures and get 7% Cashback,,Pokitpal,40
1067724,In-Store Offer,The Slipstream 4 Laps,Explore New Adventures and get 7% Cashback,,Pokitpal,40
1067672,In-Store Offer,Thunderball Shipwreck Jet Ski Tour,Explore New Adventures and get 7% Cashback,,Pokitpal,40
1067727,In-Store Offer,Time Tripper Queenstown,Explore New Adventures and get 7% Cashback,,Pokitpal,40
1067676,In-Store Offer,Tongariro Crossing Guided Day Walk,Explore New Adventures and get 7% Cashback,,Pokitpal,40
1067677,In-Store Offer,TreeTop Adventure Park Central Coast,Explore New Adventures and get 7% Cashback,,Pokitpal,40
1067675,In-Store Offer,Treetops Ropes Adventure Daytime Tours,Explore New Adventures and get 7% Cashback,,Pokitpal,40
1067674,In-Store Offer,Tropical Fruit World Tickets,Explore New Adventures and get 7% Cashback,,Pokitpal,40
1067693,In-Store Offer,Victor Harbor and Southern Highlights,Explore New Adventures and get 7% Cashback,,Pokitpal,40
1050594,Home and Lifestyle,O Wine Tumbler Riesling/Sauvignon Blanc Glass - Set of 4,Pay only $99.00; RRP $110.00,,Kappel,40
1050629,Home and Lifestyle,Ouverture Champagne Glass - Set of 4,Pay only $99.00; RRP $110.00,,Kappel,40
1050630,Home and Lifestyle,Ouverture Magnum Glass - Set of 4,Pay only $99.00; RRP $110.00,,Kappel,40
1050730,Home and Lifestyle,Performance Cabernet Glass - Set of 2,Pay only $99.00; RRP $110.00,,Kappel,40
1050731,Home and Lifestyle,Performance Cabernet Glass - Set of 4,Pay only $198.00; RRP $220.00,,Kappel,40
1050732,Home and Lifestyle,Performance Riesling Glass - Set of 2,Pay only $99.00; RRP $110.00,,Kappel,40
1050733,Home and Lifestyle,Performance Riesling Glass - Set of 4,Pay only $198.00; RRP $220.00,,Kappel,40
1050734,Home and Lifestyle,Performance Champagne Glass - Set of 2,Pay only $99.00; RRP $110.00,,Kappel,40
1050735,Home and Lifestyle,Performance Champagne Glass - Set of 4,Pay only $198.00; RRP $220.00,,Kappel,40
1050745,Home and Lifestyle,Veloce Pinot Noir Glass - Set of 2,Pay only $99.00; RRP $110.00,,Kappel,40
1050746,Home and Lifestyle,Veloce Pinot Noir Glass - Set of 4,Pay only $198.00; RRP $220.00,,Kappel,40
1050747,Home and Lifestyle,Veloce Sauvignon Blanc - Set of 2,Pay only $99.00; RRP $110.00,,Kappel,40
1050748,Home and Lifestyle,Veloce Sauvignon Blanc - Set of 4,Pay only $198.00; RRP $220.00,,Kappel,40
1050749,Home and Lifestyle,Veloce Champagne Glass - Set of 2,Pay only $99.00; RRP $110.00,,Kappel,40
1049384,Home and Lifestyle,White Basics Mixing Bowl Set​,Get up to 10% discount,,Kappel,40
1049399,Home and Lifestyle,White Basics Diamond 12 Piece Dinner Set,Get up to 10% discount,,Kappel,40
1049400,Home and Lifestyle,White Basics Diamond 16 Piece Dinner Set,Save up to 10% on RRP,,Kappel,40
1049405,Home and Lifestyle,White Basics Cosmopolitan Rim 16 Piece Dinner Set,Save up to 10% on RRP,,Kappel,40
1049406,Home and Lifestyle,White Basics European Rim 18 Piece Dinner Set,Save up to 10% on RRP,,Kappel,40
1049408,Home and Lifestyle,White Basics Fitzrovia Coupe 16 Piece Dinner Set,Save up to 10% on RRP,,Kappel,40
1049509,Home and Lifestyle,Sanctuary Down Alternative Pillow 750 gram fill - Set of 2,Save up to 10% on RRP,,Kappel,40
1049982,Home and Lifestyle,Round MultiPot - White,Save up to 10% on RRP,,Kappel,40
1068497,In-Store Offer,Freely,10% Cashback on All Purchases,,Pokitpal,40
1068386,In-Store Offer,Our Past Times Instore,10% Cashback on Purchases with $30 minimum spend,,Pokitpal,40
1068244,In-Store Offer,Waterz Edge - Instore,10% Cashback on All Purchases,,Pokitpal,40
1068496,In-Store Offer,Frootbat,Get up to $20 Cashback when you spend $100,,Pokitpal,40
1068331,In-Store Offer,Golfspace Online,Get $25 Cashback when you spend $200,,Pokitpal,40
1059799,Beauty,15+ COMBAT extreme sports Mouthguard,Pay only $65; RRP $85.95,,Heysmed,40
1059801,Beauty,5-8 Mouthguard POWER JUNIOR,Pay only $19; RRP $24.95,,Heysmed,40
1059803,Beauty,Bakball - Firm Sport - Black,Pay only $32; RRP $39.95,,Heysmed,40
1059804,Home and Lifestyle,Foam Roller,Pay only $19; RRP $24.95,,Heysmed,40
1059806,Home and Lifestyle,Neck Rest - pain relief,Pay only $42; RRP $49.95,,Heysmed,40
1059808,Beauty,"MUSCLE MAGIC Magnesium Bath Soak, 600 gr net",Pay only $16; RRP $18.99,,Heysmed,40
1059809,Home and Lifestyle,"DE-STRESS Magnesium Bath Soak, 600 gr net",Pay only $16; RRP $18.99,,Heysmed,40
1059810,Fashion,Microfibre Reversible Brim Hat - Arctic Infant,Pay only $19; RRP $24.94,,Heysmed,40
1059811,Fashion,Microfibre Reversible Brim Hat - Arctic Large,Pay only $19; RRP $24.94,,Heysmed,40
1059815,Fashion,Microfibre Reversible Brim Hat – Lilac,Pay only $19; RRP $24.94,,Heysmed,40
1059820,Beauty,"Byron Bay Magnesium OIL SPRAY with Himalayan Crystal Salt, 100ml",Pay only $15; RRP $18.99,,Heysmed,40
1059821,Beauty,"Byron Bay Magnesium Oil Spray with added Himalayan Crystal Salt, 200ml",Pay only $24; RRP $29.95,,Heysmed,40
1059822,Beauty,"REVITALISE Magnesium Bath Soak, 600 gr net",Pay only $16; RRP $18.99,,Heysmed,40
1068233,In-Store Offer,Tinas SNS Nails and Lashes,10% Cashback for New Customers; 5% Cashback for Return Customers,,Pokitpal,40
1068361,In-Store Offer,Linden Leaves New Zealand,Get $20 Cashback when you spend $100,,Pokitpal,40
1068357,In-Store Offer,La Belle Vie Bistro & Bar,5% Cashback on all Purchases,,Pokitpal,40
1068247,In-Store Offer,Zhangliang Spicy Hotpot,5% Cashback on all purchases,,Pokitpal,40
1068438,In-Store Offer,Backpacker Deals,7% Cashback on All Purchases,,Pokitpal,40
1068368,In-Store Offer,Manly Kayak Centre,7% Cashback on all Purchases,,Pokitpal,40
1068403,In-Store Offer,Robot Menswear Instore,9% Cashback on Purchases,,Pokitpal,40
1068409,In-Store Offer,Segway Tours WA,7% Cashback on all Purchases,,Pokitpal,40
1068467,In-Store Offer,Celtic Club,10% Cashback for New Customers,,Pokitpal,40
1068418,In-Store Offer,Sportspower Williamstown,10% Cashback on All Purchases,,Pokitpal,40
1068475,In-Store Offer,DealsAway,6.5% Cashback on All Purchases,,Pokitpal,40
1067632,In-Store Offer,5 Boroughs - Everton Park,6% Cashback on all Purchases,,Pokitpal,40
1068464,In-Store Offer,Celebration Club Indian Restaurant,6% Cashback on All Purchases,,Pokitpal,40
1068385,In-Store Offer,"Oh Boy, Bok Choy",5% Cashback on all Purchases,,Pokitpal,40
1068402,In-Store Offer,Repair Inn Instore,18% Cashback on All Purchases,,Pokitpal,40
1068373,In-Store Offer,Mermaid Beach Surf Club,15% Cashback on all Purchases,,Pokitpal,40
1047671,Beauty,Love Luggage,7% Off,,Love Luggage,40
1031743,Travel,"Melbourne River Cruises - Southbank, VIC",Get $5 discount,Terms  Conditions: Not valid in conjunction with any other offer.Discount offered only on Adult prices. Cannot be used as cash value.,Melbourne River Cruises,40
1008482,Home and Lifestyle,Palmers Removal  Storage  Chullora  NSW,Get 10% Discount,Not valid in conjunction with any other offer.,Palmers Relocations,40
1012040,Beauty,Shaver Shop Chapel Street  South Yarra  VIC,10% Discount on all full priced items,Terms and conditions: One voucher per person per transaction. Not valid in conjunction with any other offer,Shaver Shop Chapel St,40
1068455,In-Store Offer,Burwood Teppanyaki House,7% Cashback on all Purchases,,Pokitpal,40
1068457,In-Store Offer,Buteko Brazilian Restaurant,7% Cashback on All Purchases,,Pokitpal,40
1068469,In-Store Offer,Clove N Honey,7% Cashback on All Purchases,,Pokitpal,40
1068336,In-Store Offer,Heddon Greta Hotel,7% Cashback on all Purchases,,Pokitpal,40
1068249,In-Store Offer,Zushi Barangaroo Instore,9% Cashback on All Purchases,,Pokitpal,40
1008776,Automotive,The Motorcycle Sportsmen of Queensland  Albion  QLD,2 for 1 Deal,,Motorcycle Sportsmen of Queensland,40
1045269,Home and Lifestyle,Precise Pest Control  Camira  QLD,$10 off any service,Terms and Conditions: Please identify yourself as a member and mention this offer when calling. Minimum charge applies.,Precise Pest Control,40
1008685,Automotive,Transit Cool,10% Discount,Not valid in conjunction with any other offer.,Transit Cool,40
1068447,In-Store Offer,Belle & Bloom,5% Cashback on All Purchases,,Pokitpal,40
1068473,In-Store Offer,COS,5% Cashback on All Purchases,,Pokitpal,40
1068486,In-Store Offer,Ettitude,5% Cashback on All Purchases,,Pokitpal,40
1068346,In-Store Offer,Ksubi,5% Cashback on All Purchases,,Pokitpal,40
1012984,Automotive,PRV Locksmiths  St Marys  NSW,Save 5% on car keys,,PRV Locksmiths,40
1023420,Beauty,Baan Thai Traditional Thai Massage Hobart TAS,15% Discount,Terms and Conditions: Not valid in conjunction with any other offer.,Baan Thai Traditional Thai Massage,40
1024308,Beauty,Chateau Belle Beauty Salon  Bathurst  NSW,15% Discount,Terms and Conditions: Not valid in conjunction with any other offer. Spend $50 or more and receive a 15% discount on services.,Chateau Belle Beauty Salon,40
1032267,Beauty,City Walk Traditional Thai Massage  Canberra  ACT,15% Discount,Terms  Conditions: Not valid in conjunction with any other offer.One coupon per customer per visit.,City Walk Traditional Thai Massage,40
1026813,Beauty,Flawless Beauty Concept  Geelong  VIC,20% Discount,Not valid in conjunction with any other offer. 20% discount on all facial treatments and spa treatments.,Flawless Beauty Concept,40
1037823,Home and Lifestyle,Whole Kids,Get 20% discount,,Nourish,40
801207,Home and Lifestyle,Valley Floral Boutique,20% Discount,,Valley Floral Boutique,40
1047627,Eat and Drink,Sweet Worthy,20% Off,,day2dayrewards,40
1025579,Eat and Drink,Zhens Kitchen Chinese Restaurant  Darwin  NT,20% Discount,Terms and Conditions: 20% Discount on the total bill. Not valid in conjunction with any other offer or specials.,Zhen Kitchen Chinese Restaurant,40
800071,Home and Lifestyle,Castle Hill Veterinary Hospital  Castle Hill  NSW,10% Discount,Terms  Conditions: Not valid in conjunction with any other offer.,Castle Hill Veterinary Hospital,40
1026901,Beauty,Healing Massage Solutions  West Lakes  SA,Save $15,Terms  Conditions: Not valid in conjunction with any other offer. Bookings essential.,Healing Massage Solutions,40
800459,Beauty,Illegal Lengths In Hair  Tamworth  NSW,10% Discount,Terms  Conditions: Not valid in conjunction with any other offer.,Illegal Lengths In Hair,40
1003258,Beauty,Joes Place for Hair  Launceston  TAS,10% Discount,10% off all hair services. TERMS and CONDITIONS: Not valid in conjunction with any other offer.,Joes Place for Hair,40
1047619,Beauty,Juice Culture,$10 Off,,Juice Culture,40
1047527,Eat and Drink,Karmic Cold Pressed Juice,10% Off,,day2dayrewards,40
800840,Beauty,Kenmore Centre For Health  Kenmore  QLD,10% Discount,Terms  Conditions: Not valid in conjunction with any other offer.,Kenmore Centre For Health,40
1008860,Beauty,Natural Alternative Health Foods Gatton  Gatton  QLD,10% Discount,Excludes food products. Not valid in conjunction with any other offer.,Natural Alternative Health Foods Gatton,40
1047577,Beauty,Natural Supply Co,10% off from order,,Natural Supply Co,40
801300,Beauty,OLIVE HEALTH FOODS  Albury   NSW,Member only offer,Minimum 10% discount on vitamins and up to 20% discount on some brands. Terms and Conditions: Not valid in conjunction with any other offer.,Olive Health Foods,40
1031289,Beauty,One Hair  Body Care  Subiaco  WA,10% Discount,Not valid with any other offer or special. Not valid on the product.,One Hair & Body Care,40
1008426,Beauty,OohLahLah Nails  Waxing  Tweed Heads  NSW,10% Discount,Terms and Conditions: Not valid in conjunction with any other offer.,OohLah-Lah Nails & Waxing,40
1013339,Beauty,Oriental Spa  Chatswood  NSW,10% off individual treatments5% off spa packages.,10% off individual treatments5% off spa packages. Terms and Conditions: Not valid in conjunction with any other offer.,Oriental Spa,40
1000364,Beauty,MACARTHUR CENTRAL CHEMIST  Brisbane City  QLD,10% Discount,Terms and Conditions: Excludes all prescriptions and specials. Not available in conjunction with any other offers.,Priceline Pharmacy Macarthur Central,40
1008461,Beauty,Randwick and Sydney City Dental  Randwick   NSW,10% Discount,Not valid in conjunction with any other offer.,Randwick and Sydney City Dental,40
1009385,Beauty,Richmond Skin Fitness  RICHMOND  NSW,10% Discount,Terms and conditions: Not valid in conjunction with any other offer.,Skin Fitness,40
1010658,Beauty,Soul Essence Therapies  Waikerie  SA,$5.00 Off,,Soul Essence Therapies,40
1009431,Beauty,Warragul Natural Health Services  WARRAGUL  VIC,10% on fee only.,Terms and Conditions: Not Valid in conjunction with any other offer.,Warragul Natural Health Services,40
1028384,Entertainment,Cooroy Golf Club,Green Fee Discount,Terms  Conditions: Not valid in conjunction with any other offer. Please refer to your member website for full details,Cooroy Golf Club,40
1008873,Beauty,Fraser Coast Physiotherapy  Sports Injury Centre  Pialba  QLD,Members special,Not valid in conjunction with any other offer.,Fraser Coast Physiotherapy & Sports Injury Centre,40
1010403,Eat and Drink,Lupicia Fresh Tea,$20 Discount,Terms and conditions: Not valid in conjunction with any other offer.,Lupicia Fresh Tea,40
29046,Eat and Drink,Midway Point Tavern Midway Point TAS,$10 second main meal,Terms  Conditions:Not valid in conjunction with any other offer.,Midway Point Tavern,40
1010024,Fashion,Sportspower Frankston,10% Discount,Terms  Conditions: Not valid in conjunction with other offer.,SportsPower Frankston,40
1012768,Fashion,Sportspower JBC,10% Discount,Not valid in conjunction with any other offer. Excludes sale items.,Sportspower JBC,40
1010025,Fashion,The Athlete's Foot Bairnsdale,10% Discount,Terms and conditions: Not valid in conjunction with any other offer. Excludes sale items. Limit one coupon redemption per shoe pair purchase.,The Athlete's Foot Bairnsdale,40
1028986,Eat and Drink,Dewok Noodle Bar  Belconnen  ACT,Special Offer,Terms and Conditions: Not valid in conjunction with any other offer.,Dewok Noodle Bar,40
1015332,Eat and Drink,Fieste Craigieburn  Craigieburn  VIC,10% Discount,Eat in only.,Fieste Family Restaurant Craigieburn,40
1015330,Eat and Drink,Fieste Tullamarine  Westmeadows  VIC,10% Discount,Eat in only.,Fieste Family Restaurant Tullamarine,40
1002987,Eat and Drink,New York Slice Pizzeria  Fortitude Valley  QLD,$5 Per Slice or 8 Slices for $30,Not valid in conjunction with any other offer.,New York Slice Pizzeria,40
1027449,Eat and Drink,North Indian Cuisine  Darlinghurst  NSW,Up to 15% Discount,Not valid in conjunction with any other offer.,North Indian Cuisine,40
1027418,Eat and Drink,Top In Town Indian Restaurant  Gravatt   QLD,10% Discount,Not valid in conjunction with any other offer or special.,Top In Town Indian Restaurant,40
1066626,Eat and Drink,Wave Cave,10% Discount*,10% after a minimum spend of $30 and maximum rewards are capped at $20,Wave Cave,40
1031326,Home and Lifestyle,Anne Higgs Photography Wynnum  QLD,Up to 80% Discount,Not valid in conjunction with any other offer.,Anne Higgs Photography,40
1031151,Home and Lifestyle,D Photographics  Ethelton   SA,25% Discount,Not valid in conjunction with any other offer.,D Photographics,40
1002791,Fashion,DGM Fashions,50% Discount,TERMS andamp; CONDITIONS: Not valid in conjunction with any other offer.,DGM Fashions,40
1033712,Travel,Inspire Aviation  Caloundra West   QLD,Get 36% discount,Terms  Conditions:Not valid in conjunction with any other offer.,Inspire Aviation,40
1032509,Travel,Jervis Bay Wild  Dolphin Watching Cruise  Huskisson  NSW,Get 50% Discount,"Terms  Conditions: Not valid in conjunction with any other offer.No smoking allowed on any vessel. No refunds if your preferred date is unavailable. A 24-hour cancellation policy or voucher is forfeited. The voucher is void if no-show. Not valid for commercial use, not for resale, and not redeemable for cash.",Jervis Bay Wild,40
1002661,Eat and Drink,Sage Cafe Restaurant  Broadbeach  QLD,25% Discount,Terms and Conditions: Not valid in conjunction with any other offer.,Sage Restaurant & Bar - Function Venue Gold Coast,40
1029870,Travel,The Reel Thing Fishing Charters  Carrum  VIC,Get 50% Discount,"Not valid in conjunction with any other offer. Upgrades available at a small fee for weekends, public holidays, and school holidays. No minimum purchases. One coupon per person to be used at any one time. For more Tandamp; C visit the website.",The Reel Thing Fishing Charters,40
1008292,Home and Lifestyle,Town  Country Upholstery  Pooraka   SA,Up to 50% Discount,Terms and Conditions: Not valid in conjunction with any other offer.,Town & Country Upholstery,40
1000653,Eat and Drink,Kenpai Japanese Restaurant  Huskisson   NSW,5% Discount,Terms and Conditions may apply. Please refer to your member website for full details,Kanpai Japanese Restaurant,40
1013410,Home and Lifestyle,Bedshed  Helensvale  QLD,20% Discount,Terms and Conditions: Offer not valid on already reduced clearance lines. See in-store for full details. Valid at the Helensvale store only.,Bedshed - Helensvale,40
1033900,Fashion,Beekeeper Parade,15% Discount,Terms  Conditions: Not valid in conjunction with any other offer. Offer not available with sale items or other promotion codes.,Beekeeper Parade,40
1012330,Eat and Drink,Chocolate Graphics,20% off chocolates and packaging,Terms and Conditions: Not Valid in conjunction with any other offer.,Chocolate Graphics,40
29573,Travel,Coach Tram Tour Company  Breadalbane  TAS,Get 15% Discount,"Terms  Conditions: Not valid in conjunction with any other offer. Valid for City and Suburbs Historical Tour, Tamar Valley Half Day Tour, Historic Countryside Evening Tour.",Coach Tram Tour Company,40
22132,Eat and Drink,Cottonwood Motor Inn  Mildura  VIC,15% Discount,Terms  Conditions: Not valid in conjunction with any other offer.,Cottonwood Motor Inn,40
1015120,Fashion,Down Under Guys Gear (DUGG),15% Discount,Not valid in conjunction with any other offer. Free shipping for orders over $50. This offer is only available online.,DUGG,40
1000468,Fashion,Joker Shoppe,12% Discount,,The Joker Shoppe Mensland,40
1008885,Beauty,Back To Front Chiropractic East Brisbane QLD,10% Discount,Terms and Conditions may apply. Please refer to your member website for full details,Back To Front Chiropractic | South Brisbane,40
801052,Beauty,BARHAM CHIROPRACTIC TOOWOOMBA QLD,10% Discount off your Chiropractic appointment,Terms and Conditions may apply. Please refer to your member website for full details,BARHAM CHIROPRACTIC,40
1008816,Beauty,Booval Fringe Benefits Hair Design  Booval  QLD,Members Discount,Terms and Conditions may apply. Please refer to your member website for full details,Booval Fringe Benefits Hair Design,40
800535,Beauty,CUTZ BOTH WAYS  Urunga  NSW,Member only offer,Terms  Conditions: Not valid in conjunction with any other offer.,CUTZ BOTH WAYS,40
1065206,Automotive,Best Ride for MyRewards Members,Special discount off monthly subscription,,Best Compare Pty Ltd,40
1008753,Home and Lifestyle,Computer Ambulance  Westbrook   QLD,10% Discount,Terms and Conditions may apply. Please refer to your member website for full details,Computer Ambulance,40
1009681,Technology,Geraldton TV & Radio Services,10% Discount,Terms andamp; Conditions: Not valid in conjunction with any other offer. Not valid on Tandy items.,Geraldton TV & Radio Services,40
1010040,Home and Lifestyle,Lifestyle Carpets,Get 10% Discount,Terms and conditions: Not valid in conjunction with any other offer.,Lifestyle Carpets Pty Ltd,40
800831,Automotive,NRG CYCLES JINDALEE,10% Discount,Terms and Conditions: Not valid in conjunction with any other offer.,NRG CYCLES JINDALEE,40
1009467,Home and Lifestyle,Peninsula Shade Sails  Mornington  VIC,Get 10% Discount,Terms and Conditions may apply. Please refer to your member website for full details,Peninsula Shade Sails,40
1033654,Home and Lifestyle,Solar Bright  Prestons  NSW,$150 off on MaxLight Skylight,Terms  Conditions: Not valid in conjunction with any other offer.Standard Installations within Sydney Metro.,Solar Bright Pty Ltd,40
800072,Home and Lifestyle,Solomons Flooring Castle Hill  Castle Hill  NSW,Get 10% Off excluding sale items.,Terms  Conditions: Not valid in conjunction with any other offer.,Solomons Flooring Castle Hill,40
1002383,Home and Lifestyle,Solomons Flooring  Gepps Cross  SA,Get 10% Discount,"Terms and Conditions: Not valid in conjunction with any other offer. Available at the following stores:
Dandenong Epping Homemaker Centre Footscray Mitcham Moorabbin BentleighOakleigh",Solomons Flooring Gepps Cross,40
800018,Home and Lifestyle,Solomons Flooring Willoughby  Willoughby  NSW,Get 10% Off excluding promotions.,Terms  Conditions: Not valid in conjunction with any other offer.,Solomons Flooring Willoughby,40
800858,Home and Lifestyle,SUN STOP BLINDS  UNDERWOOD  QLD,Get 10% Discount,Terms and Conditions may apply. Please refer to your member website for full details,SUN STOP BLINDS,40
1008670,Automotive,Rob Bliss Exhausts,10% Discount,Not valid in conjunction with any other offer.,Rob Bliss Exhausts,40
1012154,Beauty,Beaubelle Beauty Clinic Northbridge WA,50% off Brazilian Waxing and all Facials,50% off Brazillian Waxing and all Facials. Terms and conditions: First-time clients only. By appointment only. Not valid in conjunction with any other offer.,Beaubelle Beautyclinic International,40
1008527,Home and Lifestyle,Andrew Vanny Plumbing Services  Bathroom Renovations  MT COLAH  NSW,5% discount,Terms and Conditions may apply. Please refer to your member website for full details,Andrew Vanny Plumbing Services & Bathroom Renovations,40
1012676,Beauty,Passion hair and beauty   Woy Woy   NSW,20% Discount,Terms and Conditions: Not valid in conjunction with any other offer.,Passion hair and beauty,40
1050613,Home and Lifestyle,Fig & Bloom,Get 9% Cashback,,Cashback Offers AU,40
1050891,Beauty,MON Purse,Get 7% Cashback,,Cashback Offers AU,40
1047282,Fashion,Rolla's Jeans APAC,Get 6% Cashback,,Cashback Offers AU,40
1047292,Fashion,Sportitude,Get 5% Cashback,,Cashback Offers AU,40
1047886,Home and Lifestyle,Jumbo Pets,Get 3.5% Cashback,,FlexOffers,40
1047272,Fashion,Petal & Pup AU,Get 5% Cashback,,Cashback Offers AU,40
1047279,Fashion,Rockmans,Get 5% cashback,,Cashback Offers AU,40
1050787,Home and Lifestyle,Deals.com.au,Up to 3% Cashback,,Cashback Offers AU,40
1047226,Fashion,Glue Store,Up to 6% Cashback,,Cashback Offers AU,40
1066617,Eat and Drink,A Life Plus,Get 5% Cashback,,Cashback Offers AU,40
1047258,Home and Lifestyle,Matchbox,Get 6% Cashback,,Cashback Offers AU,40
1047891,Fashion,Windsor Smith,Up to 6.7% Cashback,,FlexOffers,40
1041364,Fashion,Lacoste,Get 3% Cashback,,Cashback Offers AU,40
1047895,Home and Lifestyle,Sheridan Outlet,Get up to 4.5% Cashback,,FlexOffers,40
1066967,Home and Lifestyle,VetSupply.com.au,Get up to 3% Cashback,,Cashback Offers AU,40
1047636,Home and Lifestyle,Bed Threads,Get 5% Cashback,,Bed Threads,40
1050759,Fashion,Ben Sherman,Get 4% Cashback,,Cashback Offers AU,40
1047211,Fashion,Florsheim,Get 5% Cashback,,Cashback Offers AU,40
1050872,Technology,Gozney,Get up to 7% Cashback,,Cashback Offers AU,40
1065566,Financial Services,Free Home Loan Health Check + Refinance Cash Offer,Up to $3000 cash rebate for refinances + Free Home Loan Health Checks,,Sentinel Home Loans - My Rewards,40
1066566,Fashion,Lorna Jane eGift Card,Get 4% Discount,,True Rewards - Standard,40
1066571,Home and Lifestyle,Sheridan eGift Card,Get 4% Discount,,True Rewards - Standard,40
1066570,Fashion,Seed Heritage eGift Card,Get 4% Discount,,True Rewards - Standard,40
1066574,Fashion,Witchery eGift Card,Get 4% Discount,,True Rewards - Standard,40
1065005,Home and Lifestyle,Freedom eGift Card,Get 4% Discount,,True Rewards - Standard,40
1066568,Fashion,Oakley eGift Card,Get 4% Discount,,True Rewards - Standard,40
1067695,In-Store Offer,Vineyard Tour and Wine Tasting Private Group Experience,Explore New Adventures and get 7% Cashback,,Pokitpal,50
1067690,In-Store Offer,Vintage Self Drive Experience,Explore New Adventures and get 7% Cashback,,Pokitpal,50
1067697,In-Store Offer,VIP Booth Shared Experience,Explore New Adventures and get 7% Cashback,,Pokitpal,50
1067641,In-Store Offer,Wai O Tapu Thermal Wonderland Tickets,Explore New Adventures and get 7% Cashback,,Pokitpal,50
1067687,In-Store Offer,Waiheke Island Ecozip Adventures Zip Line Tour,Explore New Adventures and get 7% Cashback,,Pokitpal,50
1067698,In-Store Offer,Waimangu Volcanic Valley Entry & Walk,Explore New Adventures and get 7% Cashback,,Pokitpal,50
1067642,In-Store Offer,Waimarino Adventure Park One Day Pass,Explore New Adventures and get 7% Cashback,,Pokitpal,50
1067640,In-Store Offer,Waitangi Treaty Grounds Hangi Dinner and Concert,Explore New Adventures and get 7% Cashback,,Pokitpal,50
1067699,In-Store Offer,Waitomo Glowworm Caves Admission and Guided Tour,Explore New Adventures and get 7% Cashback,,Pokitpal,50
1067653,In-Store Offer,Waka Paddle On The Avon River,Explore New Adventures and get 7% Cashback,,Pokitpal,50
1067645,In-Store Offer,Walking Melbourne Dumpling Tour,Explore New Adventures and get 7% Cashback,,Pokitpal,50
1067649,In-Store Offer,Wanaka Kayaking Day Tour,Explore New Adventures and get 7% Cashback,,Pokitpal,50
1067646,In-Store Offer,Wavelength Outer Barrier Reef,Explore New Adventures and get 7% Cashback,,Pokitpal,50
1067652,In-Store Offer,Welcome to Country Aboriginal Experience,Explore New Adventures and get 7% Cashback,,Pokitpal,50
1067644,In-Store Offer,West Coast Wildlife Centre Day Pass,Explore New Adventures and get 7% Cashback,,Pokitpal,50
1067655,In-Store Offer,Western Ridge and Valley Floor 20 Minute Flight,Explore New Adventures and get 7% Cashback,,Pokitpal,50
1067647,In-Store Offer,Western Sydney Treetop Adventure Park,Explore New Adventures and get 7% Cashback,,Pokitpal,50
1067657,In-Store Offer,Whaka Iconic Combo,Explore New Adventures and get 7% Cashback,,Pokitpal,50
1067656,In-Store Offer,Whakarewarewa Iconic Guided Tour,Explore New Adventures and get 7% Cashback,,Pokitpal,50
1067654,In-Store Offer,Whipray Encounter with Crocosaurus Cove Entry,Explore New Adventures and get 7% Cashback,,Pokitpal,50
1067650,In-Store Offer,Whitsundays and Great Barrier Reef 60 Minute Scenic Flight,Explore New Adventures and get 7% Cashback,,Pokitpal,50
1067648,In-Store Offer,Whitsundays Segway Rainforest Discovery Tour,Explore New Adventures and get 7% Cashback,,Pokitpal,50
1067658,In-Store Offer,WILD LIFE Sydney Zoo General Admission,Explore New Adventures and get 7% Cashback,,Pokitpal,50
1067643,In-Store Offer,Wildlife Habitat Port Douglas Tickets,Explore New Adventures and get 7% Cashback,,Pokitpal,50
1067651,In-Store Offer,Wildlife Sightseeing Tour,Explore New Adventures and get 7% Cashback,,Pokitpal,50
1067659,In-Store Offer,Willie Creek Pearl Farm Tour Catch Our Coach,Explore New Adventures and get 7% Cashback,,Pokitpal,50
1067662,In-Store Offer,Willie Creek Pearl Farm Tour Drive Yourself (Tour Only),Explore New Adventures and get 7% Cashback,,Pokitpal,50
1068145,In-Store Offer,Wilsons Prom Full Day Cruise,Explore New Adventures and get 7% Cashback,,Pokitpal,50
1068146,In-Store Offer,Wilsons Prom Whale Cruise,Explore New Adventures and get 7% Cashback,,Pokitpal,50
1068144,In-Store Offer,Wineglass Bay and Wildlife Tour with Scenic Flights from Hobart,Explore New Adventures and get 7% Cashback,,Pokitpal,50
1067666,In-Store Offer,Winter Canyoning Blue Mountains,Explore New Adventures and get 7% Cashback,,Pokitpal,50
1067668,In-Store Offer,Winter Cooking Masterclass for Cheese-Lovers,Explore New Adventures and get 7% Cashback,,Pokitpal,50
1067664,In-Store Offer,Yarra Valley Balloon Flight with Champagne Breakfast,Explore New Adventures and get 7% Cashback,,Pokitpal,50
1067665,In-Store Offer,Yarra Valley Skydiving,Explore New Adventures and get 7% Cashback,,Pokitpal,50
1067661,In-Store Offer,Ziptrek Kea Tour,Explore New Adventures and get 7% Cashback,,Pokitpal,50
1067667,In-Store Offer,Ziptrek Kereru Tour,Explore New Adventures and get 7% Cashback,,Pokitpal,50
1067660,In-Store Offer,Ziptrek Moa Tour,Explore New Adventures and get 7% Cashback,,Pokitpal,50
1067663,In-Store Offer,Zorb Rotorua Experience,Explore New Adventures and get 7% Cashback,,Pokitpal,50
1068157,In-Store Offer,Birdworld Kuranda Entry Tickets,Explore New Adventures and get 7% Cashback,,Pokitpal,50
1068159,In-Store Offer,Black Spur Full Day,Explore New Adventures and get 7% Cashback,,Pokitpal,50
1068160,In-Store Offer,Blue Lake National Park Scenic Helicopter Flight,Explore New Adventures and get 7% Cashback,,Pokitpal,50
1068167,In-Store Offer,Blue Mountains Abseiling And Canyoning,Explore New Adventures and get 7% Cashback,,Pokitpal,50
1068158,In-Store Offer,Blue Mountains Abseiling - Boars Head,Explore New Adventures and get 7% Cashback,,Pokitpal,50
1068155,In-Store Offer,Blue Mountains Abseiling - Malaita Wall,Explore New Adventures and get 7% Cashback,,Pokitpal,50
1068166,In-Store Offer,Blue Mountains Canyoning - Empress Canyon,Explore New Adventures and get 7% Cashback,,Pokitpal,50
1068168,In-Store Offer,Boatshed Experience,Explore New Adventures and get 7% Cashback,,Pokitpal,50
1068165,In-Store Offer,Bonorong Wildlife Sanctuary Tickets,Explore New Adventures and get 7% Cashback,,Pokitpal,50
1068118,In-Store Offer,Great Barrier Reef Cruise + 10 Minute Scenic Helicopter Flight Combo,Explore New Adventures and get 7% Cashback,,Pokitpal,50
1068123,In-Store Offer,Great Barrier Reef + Green Island 1 Day Tour Combo,Explore New Adventures and get 7% Cashback,,Pokitpal,50
1068120,In-Store Offer,Great Barrier Reef Scenic Flight & Cruise Packages,Explore New Adventures and get 7% Cashback,,Pokitpal,50
1067930,In-Store Offer,Great Ocean Road Reverse Tour,Explore New Adventures and get 7% Cashback,,Pokitpal,50
1067939,In-Store Offer,Great Ocean Road Sunset Tour,Explore New Adventures and get 7% Cashback,,Pokitpal,50
1067941,In-Store Offer,"Great Ocean Road up to 15,000ft Tandem Skydive",Explore New Adventures and get 7% Cashback,,Pokitpal,50
1068129,In-Store Offer,Greater Brisbane Hot Air Balloon Flight with Breakfast,Explore New Adventures and get 7% Cashback,,Pokitpal,50
1067937,In-Store Offer,Green Island Discovery from Reef Fleet Terminal,Explore New Adventures and get 7% Cashback,,Pokitpal,50
1067938,In-Store Offer,Green Island Eco Adventure + Optional Extras,Explore New Adventures and get 7% Cashback,,Pokitpal,50
1067945,In-Store Offer,Guided Riversleigh Fossil Discovery Centre & Laboratory,Explore New Adventures and get 7% Cashback,,Pokitpal,50
1067935,In-Store Offer,Hanmer Springs Quad Bike Tours,Explore New Adventures and get 7% Cashback,,Pokitpal,50
1067936,In-Store Offer,Hanmer Springs Thermal Pools,Explore New Adventures and get 7% Cashback,,Pokitpal,50
1067963,In-Store Offer,Hells Gate Geothermal Walk,Explore New Adventures and get 7% Cashback,,Pokitpal,50
1067960,In-Store Offer,Hills Beers and Bites,Explore New Adventures and get 7% Cashback,,Pokitpal,50
1067955,In-Store Offer,HMAS Brisbane Wreck Dive,Explore New Adventures and get 7% Cashback,,Pokitpal,50
1067957,In-Store Offer,Hobart City Kayaking Half Day Tour,Explore New Adventures and get 7% Cashback,,Pokitpal,50
1067959,In-Store Offer,Hobart to Launceston via Wineglass Bay Day tour,Explore New Adventures and get 7% Cashback,,Pokitpal,50
1067956,In-Store Offer,Hobbiton Movie Set and Bay Of Islands Combo Pass,Explore New Adventures and get 7% Cashback,,Pokitpal,50
1067958,In-Store Offer,Hobbiton Movie Set Evening Dinner Tour,Explore New Adventures and get 7% Cashback,,Pokitpal,50
1067951,In-Store Offer,Hobbiton Movie Set Tour from the Shires Rest,Explore New Adventures and get 7% Cashback,,Pokitpal,50
1050322,Home and Lifestyle,Snow Gardenia Little Luxuries Pack,Save up to 10% on RRP,,Kappel,50
1059879,Beauty,Olive Soothing Cream Cleanser,Pay only $24; RRP $29.95,,Heysmed,50
1059881,Beauty,Boost Balancing Moisturiser - 50mL,Pay only $21; RRP $26.95,,Heysmed,50
1059882,Beauty,Boost Balancing Moisturiser - 100mL,Pay only $35; RRP: $42.95,,Heysmed,50
1059883,Beauty,Olive Repair Cream,Pay only $38; RRP $49.95,,Heysmed,50
1059886,Beauty,Exfoliating 2 in 1 Scrub & Mask,Pay only $32; RRP $39.95,,Heysmed,50
1059890,Beauty,Olive Hand & Body Cream,Pay only $19; RRP $24.95,,Heysmed,50
1059891,Beauty,Coconut Glow Body & Hair Oil,Pay only $24; RRP $31.95,,Heysmed,50
1059895,Beauty,Olivene Repair Balm,Pay only $23; RRP $27.95,,Heysmed,50
1059897,Beauty,PhytoBody Wash,Pay only $17; RRP $19.95,,Heysmed,50
1059899,Beauty,Smell The Roses Pack,Pay only $37; RRP $48.95,,Heysmed,50
1050598,Home and Lifestyle,Sakura Decanter,Pay only $486.00; RRP $540.00,,Kappel,50
1050633,Home and Lifestyle,Vinum Champagne Wine Glass - Set of 4,Pay only $158.40; RRP $176.00,,Kappel,50
1050635,Home and Lifestyle,Vinum Cabernet/Merlot (Bordeaux) Glass - Set of 2,Pay only $99.00; RRP $110.00,,Kappel,50
1050636,Home and Lifestyle,Vinum Cabernet/Merlot (Bordeaux) Glass - Set of 4,Pay only $198.00; RRP $220.00,,Kappel,50
1050637,Home and Lifestyle,Vinum Pinot Noir (Burgundy Red) Glass - Set of 2,Pay only $99.00; RRP $110.00,,Kappel,50
1050638,Home and Lifestyle,Vinum Pinot Noir (Burgundy Red) Glass - Set of 4,Pay only $198.00; RRP $220.00,,Kappel,50
1050639,Home and Lifestyle,Vinum Riesling (Zinfandel) Glass - Set of 2,Pay only $99.00; RRP $110.00,,Kappel,50
1050640,Home and Lifestyle,Vinum Riesling (Zinfandel) Glass - Set of 4,Pay only $198.00; RRP $220.00,,Kappel,50
1050641,Home and Lifestyle,Vinum Shiraz Glass - Set of 2,Pay only $99.00; RRP $110.00,,Kappel,50
1050642,Home and Lifestyle,Vinum Shiraz Glass - Set of 4,Pay only $198.00; RRP $220.00,,Kappel,50
1050728,Home and Lifestyle,Veritas Coupe/Cocktail Glass - Set of 2,Pay only $108.00; RRP $120.00,,Kappel,50
1050729,Home and Lifestyle,Veritas Coupe/Cocktail Glass - Set of 4,Pay only $216.00 ; RRP $240.00,,Kappel,50
1068363,In-Store Offer,Love to Dream,5% Cashback on All Purchases,,Pokitpal,50
1068374,In-Store Offer,Mermade Hair,5% Cashback on All Purchases,,Pokitpal,50
1068391,In-Store Offer,Papinelle Sleepwear,5% Cashback on All Purchases,,Pokitpal,50
1068423,In-Store Offer,Taking Shape Online,5% Cashback on All Purchases,,Pokitpal,50
1068424,In-Store Offer,Taking Shape Instore,5% Cashback on All Purchases,,Pokitpal,50
1068411,In-Store Offer,Sala Thai,6% Cashback on All Purchases,,Pokitpal,50
1068413,In-Store Offer,Ryderwear,7% Cashback (was 5%),,Pokitpal,50
1068248,In-Store Offer,Zoie Cafe,5% Cashback on All Purchases,,Pokitpal,50
1067633,In-Store Offer,Akiras Cafe & Restaurant,7% Cashback on All Purchases,,Pokitpal,50
1068463,In-Store Offer,Carmels Cafe Bar and Grill,7% Cashback on All Purchases,,Pokitpal,50
1068468,In-Store Offer,City Extra,Up to 15% Cashback on All Purchases,,Pokitpal,50
1068476,In-Store Offer,Delhis Belly,7% Cashback on All Purchases,,Pokitpal,50
1068479,In-Store Offer,Dux Cafe Restaurant,7% Cashback on All Purchases,,Pokitpal,50
1068492,In-Store Offer,French Table,8% Cashback on All Purchases,,Pokitpal,50
1068500,In-Store Offer,Gala Thai,7% Cashback on All Purchases,,Pokitpal,50
1068339,In-Store Offer,Indique Indian Restaurant,7% Cashback on all Purchases,,Pokitpal,50
1068360,In-Store Offer,Little Viet Restaurant,7% Cashback on All Purchases,,Pokitpal,50
1068376,In-Store Offer,Mumbai Rocks DFO,7% Cashback on All Purchases,,Pokitpal,50
1068378,In-Store Offer,New Place Japanese Kitchen,7% Cashback on all Purchases,,Pokitpal,50
1068410,In-Store Offer,Sea Grill by Viet De Lites,7% Cashback on All Purchases,,Pokitpal,50
1024435,Beauty,Sawang Thai Massage  Penrith  NSW,15% Discount,Terms and Conditions: Not valid in conjunction with any other offer or special. Book any 1-hour service or treatment and receive a 15% discount.,Sawang Thai Massage & Spa Penrith,50
1016142,Beauty,Spirit Thai Massage  Castle Hill  NSW,20% Discount,Not valid in conjunction with any other offer. Minimum 1-hour massage.,Spirit Thai Massage,50
1028959,Beauty,Thai Village Massage  Merrylands  NSW,20% Discount,Prior booking is essential. Cash refund of booking amount not possible. Not valid in conjunction with any other offer.,Thai Village Massage and Spa Merrylands,50
21190,Eat and Drink,Rockpool Cafe Kinscote SA,15% Discount,Terms  Conditions:Not valid in conjunction with any other offer.Discount applies to purchases over $30. Not valid on taking away.,Rockpool Café,50
1029262,Eat and Drink,Rockpool Cafe11 Kinscote SA,15% Discount,Discount applies to purchases over $30. Not valid on taking away or in conjunction with any other offer.,Rockpool Café,50
1024440,Eat and Drink,Splash Craigieburn VIC,15% Discount,Terms and Conditions: Not valid in conjunction with any other offer. 15% Discount. Bill must include the main meal. Discount on the total bill.,Splash Aqua Park and Leisure Centre,50
1002451,Eat and Drink,Riverarms Hotel  Devonport  TAS,15% Discount,Terms andamp; conditions: One per table. Not available on Public Holidays. Not to be used in conjunction with any other offer.,The Goodstone Group,50
1002455,Eat and Drink,Seabrook Hotel  Devonport  TAS,15% Discount,Terms andamp; conditions: One per table. Not available on Public Holidays. Not to be used in conjunction with any other offer.,The Goodstone Group,50
1018923,Eat and Drink,DTandoor Indian Cuisine  Hawthorn  VIC,20% Discount,Not valid in conjunction with any other offer. Up to a total discount of $20 per table.,D'Tandoor Restaurant,50
1000074,Eat and Drink,Deepam Tandoori Indian Restaurant  Berwick  VIC,15% Discount on all items!,Only available for groups of 10 people or more. Valid only Monday-Friday. Not valid in conjunction with any other offer.,Deepam Tandoori Indian Restaurant,50
1002732,Eat and Drink,Flavours of India  Alice Springs  NT,15% Discount,Terms  Conditions: Not valid in conjunction with any other offer.Not valid on drinks.,Flavours of India,50
1018893,Eat and Drink,Fortune Box Gungahlin ACT,15% Discount,Not valid in conjunction with any other offer.,Fortune Box,50
1027448,Eat and Drink,The Mediterranean  Surry Hills  NSW,15% Discount,,The Mediterranean Sydney,50
1047591,Eat and Drink,ThinkCup,15% off Cups and Bottles,,ThinkCup,50
29781,Eat and Drink,Thornleigh Curry House  Thornleigh  NSW,15% Discount,Terms  Conditions: Not valid in conjunction with any other offer.,Thornleigh Curry House,50
1025520,Eat and Drink,Toi Shan Chinese Restaurant  Bendigo  VIC,15% Discount,Terms and Conditions: Spend $50 or more and receive a 15% Discount otherwise 10% Discount applies. Not valid in conjunction with any other offer.,Toi Shan Chinese Restaurant,50
1018245,Eat and Drink,Blu Lake Restaurant And Bar,10% Discount,Terms and Conditions: Not valid in conjunction with any other offer,Blu Lake Restaurant And Bar,50
1046085,Eat and Drink,Boutique Wine and Champagne   Wahroonga  NSW,$20 off your order when you order minimum of 6 bottles,1st order only,Boutique Wine and Champagne,50
1027883,Eat and Drink,Hotel Federal  WYNYARD  TAS,2 For 1,Not valid in conjunction with any other offer,Burger Bar Hotel Federal,50
1002437,Eat and Drink,Cobdogla  District Club  Cobdogla  SA,Save $1.00,"Terms and conditions: When you purchase a main meal, present this voucher to receive $1.00 off your main meal as well as $1.00 off your drink of choice and receive $1.00 pokie change.Also, receive two more vouchers when you present your first voucher.",Cobdogla & District Club,50
1009518,Home and Lifestyle,Passionate Vetcare  Bendigo  VIC,Get 10% Discount,Terms  Conditions: Not valid in conjunction with any other offer.,Passionate Vetcare,50
1025065,Beauty,The Stag Ballarat Central   VIC,Up to 15% Discount,"Terms and Conditions: 15% Discount Wednesday - Thursday, otherwise 10% Discount applies - all services. Not valid in conjunction with any other offer. Not valid on the product.",The Stag - Ballarat/Wendouree,50
1025051,Eat and Drink,Harry Limes Restaurant  Ballarat Central   VIC,Up to 15% Discount,"Terms and Conditions: 15% Discount Lunch, 10% Discount Dinner. Not valid in conjunction with any other offer.",Harry Limes Restaurant,50
25072,Eat and Drink,Kohinoor Indian Restaurant  Geelong  VIC,10% Discount,Terms and Conditions may apply. Please refer to your member website for full details,Kohinoor Indian Restaurant,50
29579,Eat and Drink,Korea Restaurant Goodwood  SA,10% Discount,Terms  Condition: Not valid in conjunction with any other offer. Open for dinner Monday to Saturday only. Open for lunch and dinner on Friday.,Korea Restaurant,50
1015407,Eat and Drink,Lido Restaurant Northbridge   WA,10% Discount,Not valid in conjunction with any other offer. Only valid Monday - Friday.,Lido Restaurant,50
1027467,Eat and Drink,Made In Italy Sydney NSW,10% Discount,Not valid in conjunction with any other offer. 10% OFF on Large Pizza. Offer available at Sydney CBD store only. Minimum delivery $40 amount,Made in Italy Sydney CBD Pizza & Pasta,50
1024294,Eat and Drink,Red Chilli Deli Orange NSW,10% Discount,Terms and Conditions: Not valid in conjunction with any other offer. Excluding products and shelf goods.,Red Chilli Deli,50
1028996,Eat and Drink,Samiuz Ristorante Pizzeria Belconnen ACT,Spend $30 or more and receive 10% Discount,Terms and Conditions: Not valid in conjunction with any other offer or specials. Offer applies only on take-away orders.,Samiuz Ristorante & Pizzeria,50
1002187,Eat and Drink,Tak Chee House Perth WA,10% Discount,Terms and Conditions: Not valid in conjunction with any other offer. Monday - Friday only.,Tak Chee House,50
1015601,Travel,"Adelaide Tandem Skydiving - Lower Light, SA",Get 25% Discount,Terms  Conditions: Not valid in conjunction with any other offer.,Adelaide Tandem Skydiving,50
1009769,Travel,Aviation Heritage Museum  BULL CREEK  WA,"Pay only $6, RRP $10",Terms and Conditions: Only available on full-priced entry. Not available in conjunction with any other offer.,Aviation Heritage Museum,50
1037359,Fashion,George & King,30% Off RRP,"Includes our premium Filarte or Guabello fabric range only.

Does not apply to the Prestige Range.



Does not include Canvas Upgrade


Does not include silk lining


Does not include Express or Priority Delivery.",George & King,50
1015022,Home and Lifestyle,Slipsafe Northern Rivers  Wollongbar  NSW,Get 25% Discount,"25% off Slipsafe tile treatments. Minimum charges apply to Slipsafe tile treatments. Normally $200, for members only $150, or price based on a square meter rate.",Slipsafe Northern Rivers,50
1029548,Financial Services,Your Business Buddy,75% Discount,Not valid in conjunction with any other offer.,Your Business Buddy,50
800584,Fashion,Turner Signs & Embroidery,Get 5% Discount,Terms  Conditions: Not valid in conjunction with any other offer.,Turner Signs & Embroidery,50
1032704,Beauty,Cuts Plus  Werribee  VIC,20% Discount,Terms  Conditions: Not valid in conjunction with any other offer.,Cuts Plus,50
1033908,Beauty,Gentlemens Hair Lounge  Subiaco  WA,Up to 28.5% Discount,Terms  Conditions: Not valid in conjunction with any other offer.,Gentlemen's Hair Lounge,50
1008517,Home and Lifestyle,Lock Stock Barrel Locksmiths  TURRAMURRA  NSW,Get 20% Discount,,Lock Stock & Barrel Locksmiths,50
1009641,Home and Lifestyle,SunSaver Tinting  Wanneroo   WA,Get 20% Discount,Terms and Conditions: Not to be used in conjunction with any other offer.,Sun-Saver Tinting,50
1014970,Fashion,Designer Online,10% Discount,Terms  Conditions: Not valid in conjunction with any other offer. *Conditions apply.,Designer Online,50
1008861,Beauty,Gladstone Physio  Fitness Centre  Gladstone Central  QLD,Member Special,Not valid in conjunction with any other offer.,Gladstone Physio & Fitness Centre,50
800068,Beauty,LYvonnes Hair Studio  Dural  NSW,10% Discount,Terms  Conditions: Not valid in conjunction with any other offer.,L'Yvonne's Hair Studio,50
800912,Beauty,LYNDALS HAIRSTYLING  Labrador  QLD,10% Discount,Terms and Conditions may apply. Please refer to your member website for full details,Lyndal's Hair Styling,50
1024321,Beauty,OZ10 Hair Design  North Sydney  NSW,Up to 15% Discount,"Terms and Conditions: Not valid in conjunction with any other offer or special. Not available on products. Spend $50 or more and receive a 15% Discount, otherwise 10% discount on all services.",OZ10 Hair Design,50
1025494,Beauty,Talk About Hair and Beauty  Treatment Offer  Kangaroo Flat  VIC,Complimentary Treatment,Terms and Conditions: Complimentary hair treatment - valued at $16 - with any hair service. Not valid in conjunction with any other offer. Not valid on hair products.,Talk About Hair and Beauty,50
1025551,Beauty,Talk About Hair and Beauty - Bennett's Boots,Bennett's Boots Special Offer - SAVE $16!,Not valid in conjunction with any other offer. Please refer to Bennett's Boots website for further terms and conditions.,Talk About Hair and Beauty,50
1009750,Beauty,Greenwood Pharmacy GREENWOOD WA,10% Discount,Terms and Conditions may apply. Please refer to your member website for full details,TerryWhite Chemmart Greenwood,50
1014143,Beauty,Togninis Hair Workshop  Fortitude Valley  QLD,SAVE 10% on any hair and beauty services!,Terms and Conditions: Not valid in conjunction with any other offer.,Togninis Hair Workshop,50
1009535,Beauty,Beovichs Guardian Pharmacy  MT WAVERLEY  VIC,10% Discount,Terms and Conditions may apply. Please refer to your member website for full details,Beovichs' Guardian Pharmacy,50
1002091,Eat and Drink,Flanagans Irish Pub  Noosa Heads  QLD,Member only offer,Terms  Conditions: Not valid in conjunction with any other offer.,Flanagan's Irish Pub,50
1012771,Eat and Drink,Trocadero Cafe Hobart TAS,2 for 1,Members receive a free coffee with any purchase of another coffee. Terms and conditions: Offer not valid in conjunction with any other offer.,Trocadero Cafe,50
1009448,Home and Lifestyle,A1 Blinds CLAYTON VIC,10% Discount,Not valid in conjunction with any other offer.,A1 Blinds,50
801033,Home and Lifestyle,ANDERSENS CARPETS BEAUDESERT  Beaudesert  QLD,10% Discount,Terms and Conditions may apply. Please refer to your member website for full details,Andersens Beaudesert,50
800672,Automotive,AUTO TOUCHUPS PTY LTD,10% Discount,,Auto Touch-Ups,50
1050788,Fashion,DC Shoes,Get 7% Cashback,,Cashback Offers AU,50
1047628,Home and Lifestyle,Petals Florist Network,Get 10% Cashback,,Cashback Offers AU,50
1050612,Home and Lifestyle,Short Story,Get 7% Cashback,,Cashback Offers AU,50
1066618,Eat and Drink,Bottle Stop,Get up to 3% Cashback,,Cashback Offers AU,50
1047907,Eat and Drink,Get Wines Direct,Get up to 6% Cashback,,Cashback Offers AU,50
1050761,Fashion,Bendon Lingerie,Get 6% Cashback,,Cashback Offers AU,50
1050790,Fashion,Betts,Get 4% Cashback,,Cashback Offers AU,50
1045909,Fashion,David Lawrence,Get 6% Cashback,,David Lawrence,50
1047583,Fashion,Stylerunner,Get 5% Cashback,,Stylerunner,50
1047270,Fashion,Oroton,Get 5% Cashback,,Cashback Offers AU,50
1050783,Fashion,Dharma Bums,Get 8% Cashback,,Cashback Offers AU,50
1050860,Fashion,FORCAST,Get 7% Cashback,,Cashback Offers AU,50
1050865,Beauty,Gelpro Australia,Get 7% Cashback,,Cashback Offers AU,50
1047305,Beauty,Thomas Sabo,Get 8% Cashback,,Cashback Offers AU,50
1066615,Home and Lifestyle,Dymocks eGift Card,Get 4% Discount,,True Rewards - Standard,50
1065003,Entertainment,Ticketmaster eGift Card,Get 4% Discount,,True Rewards - Standard,50
1066565,Technology,Kogan eGift Card,Get 4% Discount,,True Rewards - Standard,50
1066573,Fashion,Sunglass Hut eGift Card,Get 4% Discount,,True Rewards - Standard,50
1067968,In-Store Offer,Honey Ryder Sunrise Jetski Tour,Explore New Adventures and get 7% Cashback,,Pokitpal,55
1067964,In-Store Offer,Huka Falls Jet Boat Tour,Explore New Adventures and get 7% Cashback,,Pokitpal,55
1067967,In-Store Offer,Hunter Valley Scenic Wine and Dine,Explore New Adventures and get 7% Cashback,,Pokitpal,55
1067969,In-Store Offer,IceBar Melbourne,Explore New Adventures and get 7% Cashback,,Pokitpal,55
1067970,In-Store Offer,IceBar Surfers Paradise,Explore New Adventures and get 7% Cashback,,Pokitpal,55
1067965,In-Store Offer,iFLY Indoor Skydiving Penrith - Basic,Explore New Adventures and get 7% Cashback,,Pokitpal,55
1067966,In-Store Offer,iFLY Indoor Skydiving Penrith - Family and Friends,Explore New Adventures and get 7% Cashback,,Pokitpal,55
1067974,In-Store Offer,iFLY Indoor Skydiving Penrith - Value,Explore New Adventures and get 7% Cashback,,Pokitpal,55
1067972,In-Store Offer,Illawarra Fly Treetop Walk Entry,Explore New Adventures and get 7% Cashback,,Pokitpal,55
1067975,In-Store Offer,Illawarra Fly Zip Line Tours,Explore New Adventures and get 7% Cashback,,Pokitpal,55
1067973,In-Store Offer,Illusions Magic Show,Explore New Adventures and get 7% Cashback,,Pokitpal,55
1067979,In-Store Offer,Immersive Gamebox,Explore New Adventures and get 7% Cashback,,Pokitpal,55
1067971,In-Store Offer,Infinity Attraction Tickets,Explore New Adventures and get 7% Cashback,,Pokitpal,55
1067978,In-Store Offer,Inner Reef 30 Minute Scenic Flight,Explore New Adventures and get 7% Cashback,,Pokitpal,55
1067977,In-Store Offer,Irukandji Entry Tickets includes Shallows Encounter & Shark Food,Explore New Adventures and get 7% Cashback,,Pokitpal,55
1067976,In-Store Offer,Isa Experience Heritage Display,Explore New Adventures and get 7% Cashback,,Pokitpal,55
1067987,In-Store Offer,Jervis Bay Dolphin Watching Day Tour from Sydney,Explore New Adventures and get 7% Cashback,,Pokitpal,55
1068001,In-Store Offer,KJet 1 hour Jetboat Ride in Queenstown,Explore New Adventures and get 7% Cashback,,Pokitpal,55
1068002,In-Store Offer,Kryal Castle General Admission,Explore New Adventures and get 7% Cashback,,Pokitpal,55
1068024,In-Store Offer,KUR-Cow ATV Tour with Petting Zoo Entry,Explore New Adventures and get 7% Cashback,,Pokitpal,55
1067998,In-Store Offer,Kuranda Koala Gardens and Birdworld 2 Attraction Pass,Explore New Adventures and get 7% Cashback,,Pokitpal,55
1067999,In-Store Offer,"Kuranda Koala Gardens, Birdworld and Butterfly Sanctuary 3 Attraction Pass",Explore New Adventures and get 7% Cashback,,Pokitpal,55
1067997,In-Store Offer,Kuranda Koala Gardens Entry Tickets,Explore New Adventures and get 7% Cashback,,Pokitpal,55
1068008,In-Store Offer,Kuranda Scenic Railway + Skyrail Rainforest Cableway,Explore New Adventures and get 7% Cashback,,Pokitpal,55
1068010,In-Store Offer,Kuranda Scenic Railway + Skyrail Rainforest Cableway with Transfers,Explore New Adventures and get 7% Cashback,,Pokitpal,55
1067833,In-Store Offer,Low Isles Morning Tour,Explore New Adventures and get 7% Cashback,,Pokitpal,55
1067895,In-Store Offer,"Newcastle up to 15,000ft Tandem Skydive",Explore New Adventures and get 7% Cashback,,Pokitpal,55
1067901,In-Store Offer,Ngilgi Cave Ancient Lands Experience,Explore New Adventures and get 7% Cashback,,Pokitpal,55
1067889,In-Store Offer,Noosa Adventure Tour,Explore New Adventures and get 7% Cashback,,Pokitpal,55
1067899,In-Store Offer,Noosa Dolphin Spotting Cruise,Explore New Adventures and get 7% Cashback,,Pokitpal,55
1067770,In-Store Offer,Skippers Canyon Gentle White Water Rafting,Explore New Adventures and get 7% Cashback,,Pokitpal,55
1067769,In-Store Offer,Skippers Canyon Tour with Jet Boat Ride,Explore New Adventures and get 7% Cashback,,Pokitpal,55
1067673,In-Store Offer,Thrill Seeker Jet Sprint Boat Tier 2 Off Roader and Clay Bird Shooting,Explore New Adventures and get 7% Cashback,,Pokitpal,55
1068320,In-Store Offer,Auckland Maori Culture Day Tour,Explore New Adventures and get 7% Cashback,,Pokitpal,55
1050751,Home and Lifestyle,Wine Friendly Red Wine - Set of 4,Pay only $99.00; RRP $110.00,,Kappel,55
1050753,Home and Lifestyle,Wine Friendly White Wine - Set of 4,Pay only $99.00; RRP $110.00,,Kappel,55
1049385,Home and Lifestyle,Cosmopolitan Electric Duo Salt & Pepper Mill​,Save up to 10% on RRP,,Kappel,55
1049391,Home and Lifestyle,Madison 16 Piece Cutlery Set,Save up to 10% on RRP,,Kappel,55
1049392,Home and Lifestyle,Cosmopolitan 16 Piece Cutlery Set,Save up to 10% on RRP,,Kappel,55
1049401,Home and Lifestyle,Cashmere Resort Coupe 12 Piece Dinner Set,Save up to 10% on RRP,,Kappel,55
1049402,Home and Lifestyle,Cashmere Mansion High Rim 12 Piece Dinner Set,Save up to 10% on RRP,,Kappel,55
1049510,Home and Lifestyle,Luxury Goose Feather / Down Quilt Queen Bed,Save up to 10% on RRP,,Kappel,55
1059794,Home and Lifestyle,"MYOSA Anti Snoring Guard , non-mouldable",Pay only $57; RRP $79.95,,Heysmed,55
1059800,Beauty,12 + Mouthguard ELITE,Pay only $39; RRP $59.95,,Heysmed,55
1059802,Beauty,15 + Mouthguard PROFESSIONAL,Pay only $52; RRP $72.95,,Heysmed,55
1059817,Home and Lifestyle,"FOOT BLISS Magnesium Foot Soak, 200 gr",Pay only $11; RRP $14.95,,Heysmed,55
1068422,In-Store Offer,Taste of Bollywood - Hindmarsh,7% Cashback on All Purchases,,Pokitpal,55
1068431,In-Store Offer,The Spice Yard,7% Cashback on all Purchases,,Pokitpal,55
1068230,In-Store Offer,The Tandoori Place - Surfers Paradise,7% Cashback on All Purchases,,Pokitpal,55
1068242,In-Store Offer,Verde and Sweet Artisan Kitchen & Pantry,7% Cashback on All Purchases,,Pokitpal,55
1068493,In-Store Offer,Forcast Instore,Up to 8% Cashback on All Purchases,,Pokitpal,55
1068472,In-Store Offer,ClassBento,5% Cashback on All Purchases,,Pokitpal,55
1068482,In-Store Offer,Ecco Online,5% Cashback on All Purchases,,Pokitpal,55
1068483,In-Store Offer,Ecco Instore,5% Cashback on All Purchases,,Pokitpal,55
1068490,In-Store Offer,Ergohuman,5% Cashback on All Purchases,,Pokitpal,55
1068365,In-Store Offer,Luxo Living,5% Cashback on All Purchases,,Pokitpal,55
1012842,Home and Lifestyle,Eco Energy Queensland BURPENGARY  QLD,No Call Out Fee,Terms and conditions: Not valid in conjunction with any other offer.,Eco Energy Queensland,55
1002130,Home and Lifestyle,GAMBIER TILE CENTRE  Mount Gambier  SA,Get 10% Discount,Terms and Conditions: Not valid in conjunction with any other offer.,Gambier Tile Centre,55
800931,Home and Lifestyle,Glass Now Nerang  NERANG  QLD,10% Discount,,Glass Now Nerang,55
801249,Home and Lifestyle,HALLAM HEATING  Hallam   VIC,10% Discount,Terms and Conditions: Not valid in conjunction with any other offer.,Hallam Heating,55
1008898,Home and Lifestyle,Marlin Ceramic Tiles  GARBUTT  QLD,10% off retail prices only,Terms and Conditions: This offer does not include sale items or discounted prices.,Marlin Ceramic Tiles,55
800330,Home and Lifestyle,Nelson Bay LOCKSMITH  Nelson Bay  NSW,Get 10% Discount,Terms  Conditions: Not valid in conjunction with any other offer.,Nelson Bay Locksmith,55
1002482,Automotive,Peter Wiles Stripes P/L,10% off.,Terms and conditions: Not to be used in conjunction with any other offer.,Peter Wiles Stripes & Promotions,55
1016360,Beauty,Tile Bazaar  Sylvania  NSW,10% Discount,Not valid in conjunction with any other offer. Offer valid on tiles only.,Tile Bazaar,55
1009228,Automotive,Rabbas Radiators,10% Discount,Terms and conditions: Not valid in conjunction with any other offer.,Rabbas Radiators,55
1031877,Beauty,Looks Hair  Beauty by Neeta  Cranbourne East   VIC,Up to 55% Discount,Terms  Conditions:Not valid in conjunction with any other offer.,Looks Hair & Beauty by Neeta,55
1016487,Eat and Drink,Portobello New Port SA,25% Discount,Not valid in conjunction with any other offer. The minimum purchase is 2 main courses. Valid Sunday to Thursday. Not valid on Special Event Days.,Portobello Food Kitchen Bar,55
1003243,Eat and Drink,Mother India Hobart TAS,25% Discount,Terms and conditions: Discount up to a maximum of $25. Drinks excluded. Limit to 4 people per table. Not valid in conjunction with any other offer.,Mother India Indian Restaurant,55
1009528,Beauty,Golden Square Healthwise Pharmacy  GOLDEN SQUARE  VIC,5% Discount,Terms and Conditions: Excludes prescriptions and specials. Not valid in conjunction with any other offer.,PharmaSave Golden Square Phcy,55
1047566,Eat and Drink,Pro Fuel Meals,5% Off,,Pro Fuel Meals,55
1002452,Eat and Drink,Bridge Hotel Devonport TAS,15% Discount,Terms andamp; Conditions: One per table. Not available on Public Holidays. Not to be used in conjunction with any other offer.,The Goodstone Group,55
1002453,Eat and Drink,Formby Hotel  Devonport  TAS,15% Discount off all bistro meals,Terms andamp; conditions: One per table. Not available on Public Holidays. Not to be used in conjunction with any other offer.,The Goodstone Group,55
1002456,Eat and Drink,Lighthouse Hotel  Devonport  TAS,15% Discount,Terms andamp; conditions: One per table. Not available on Public Holidays. Not to be used in conjunction with any other offer.,The Goodstone Group,55
1032476,Eat and Drink,Himalaya Indian Pakistani Restaurant  Rockdale  NSW,15% Discount,Terms  Conditions: Not valid in conjunction with any other offer.,Himalaya Pakistani Indian Restaurant Rockdale,55
1031213,Eat and Drink,Kabalason Indian Cafe  Restaurant  Joondalup  WA,15% Discount,Not valid in conjunction with any other offer or special. Discount applies to the main menu only.,Kabalason Indian Cafe & Restaurant,55
1024764,Eat and Drink,Krish Indian Cuisine  Gold Coast  QLD,15% Discount,Terms and Conditions: Spend $20 and receive a 15% Discount. Not valid in conjunction with any other offer. Maximum discount of $25 per table.,Krish Indian Cuisine,55
1010291,Eat and Drink,LIncontro Caffe Ristorante  Adelaide  SA,12% Discount,Terms and conditions: Not valid in conjunction with any other offer.,L'Incontro Caffe Ristorante,55
1015409,Eat and Drink,Lemongrass Thai Bistro  Adelaide  SA,20% Discount,Not valid in conjunction with any other offer. Excluding public holidays.,Lemongrass Thai Bistro,55
1024825,Eat and Drink,Malaga Restaurant  Geelong  VIC,15% Discount,Not valid in conjunction with any other offer or special. Excludes Public Holidays.,Malaga Restaurant,55
1013134,Eat and Drink,Mancinis Italian Restaurant  Belfield  NSW,20% Discount,Terms and Conditions: Not valid in conjunction with any other offer.,Mancini's Original Woodfired Pizza,55
1002031,Eat and Drink,Mercadante Carlton VIC,15% Discount,Offer now Spend $50 and receive a 15% discount. Terms and conditions: Not valid in conjunction with any other offer.,Mercadante Woodfired Pizzeria,55
1031271,Eat and Drink,Perth Noodle Wok  Warwick  WA,15% Discount,Not valid in conjunction with any other offer.,Perth Noodle Wok,55
1031382,Eat and Drink,Royal Indian Restaurant  Woodville South   SA,15% Discount,Not valid in conjunction with any other offer.,Royal Indian Restaurant,55
1047283,Fashion,Rusty,Get 8% Cashback,,Cashback Offers AU,55
1050910,Home and Lifestyle,Lucky Pet Supplies,Get 4% Cashback,,Cashback Offers AU,55
1047722,Financial Services,Econnex,Compare and save on your electricity and gas bills,,CIMET,55
1066624,Technology,eufy,Get 5% Cashback,,Cashback Offers AU,55
1050231,Financial Services,Compare and Connect,$70 Cashback When Switching,,Compare and Connect,55
1047186,Fashion,BRAS N THINGS PTY LTD,Up to 5.4% Cashback,,Cashback Offers AU,55
1047857,Fashion,Best & Less,Get 1.7% Cashback,,FlexOffers,55
1066580,Entertainment,Xbox Live eGift Card,Get 4% Discount,,True Rewards - Standard,55
1065010,Entertainment,Catch eGift Card,Get 4% Discount,,True Rewards - Standard,55
1068321,In-Store Offer,Auckland Museum Ticket and Highlights Tour,Explore New Adventures and get 7% Cashback,,Pokitpal,70
1068322,In-Store Offer,Auckland Museum Tickets,Explore New Adventures and get 7% Cashback,,Pokitpal,70
1068130,In-Store Offer,Auckland to Hobbiton Day Tour with Lunch,Explore New Adventures and get 7% Cashback,,Pokitpal,70
1068329,In-Store Offer,Auckland Zoo General Admission Tickets,Explore New Adventures and get 7% Cashback,,Pokitpal,70
1068328,In-Store Offer,Australian Butterfly Sanctuary Entry Tickets,Explore New Adventures and get 7% Cashback,,Pokitpal,70
1068330,In-Store Offer,Australian National Maritime Museum Tickets,Explore New Adventures and get 7% Cashback,,Pokitpal,70
1068131,In-Store Offer,Australian Sports Museum Entry,Explore New Adventures and get 7% Cashback,,Pokitpal,70
1068132,In-Store Offer,Australian Wildlife Tour,Explore New Adventures and get 7% Cashback,,Pokitpal,70
1068134,In-Store Offer,B. Lucky & Sons Fortitude Valley,Explore New Adventures and get 7% Cashback,,Pokitpal,70
1068133,In-Store Offer,B. Lucky & Sons Melbourne Central,Explore New Adventures and get 7% Cashback,,Pokitpal,70
1068147,In-Store Offer,B. Lucky and Sons Sydney,Explore New Adventures and get 7% Cashback,,Pokitpal,70
1068148,In-Store Offer,B. Lucky and Sons Wollongong,Explore New Adventures and get 7% Cashback,,Pokitpal,70
1068135,In-Store Offer,Ballarat Wildlife Park Tickets,Explore New Adventures and get 7% Cashback,,Pokitpal,70
1068142,In-Store Offer,Barossa Cheese & Wine Trail,Explore New Adventures and get 7% Cashback,,Pokitpal,70
1068138,In-Store Offer,Barossa Food and Wine Experience,Explore New Adventures and get 7% Cashback,,Pokitpal,70
1068140,In-Store Offer,Barossa Valley Deluxe 30 Minute Flight,Explore New Adventures and get 7% Cashback,,Pokitpal,70
1068139,In-Store Offer,Barossa Valley Premium Small Group Day Tour,Explore New Adventures and get 7% Cashback,,Pokitpal,70
1068137,In-Store Offer,Barossa Valley Rally Car 16 Lap Driving Experience,Explore New Adventures and get 7% Cashback,,Pokitpal,70
1068136,In-Store Offer,Barossa Valley Rally Car 3 Lap Ride Experience,Explore New Adventures and get 7% Cashback,,Pokitpal,70
1068141,In-Store Offer,Barron Gorge & Falls 20 Minute Rainforest Scenic Flight,Explore New Adventures and get 7% Cashback,,Pokitpal,70
1068149,In-Store Offer,Barron River Half Day White Water Rafting Adventure,Explore New Adventures and get 7% Cashback,,Pokitpal,70
1068151,In-Store Offer,Barron River White Water Rafting from Port Douglas,Explore New Adventures and get 7% Cashback,,Pokitpal,70
1068152,In-Store Offer,Barron River White Water Rafting - Self Drive,Explore New Adventures and get 7% Cashback,,Pokitpal,70
1068150,In-Store Offer,BBQ Buoys Self Drive Cruise,Explore New Adventures and get 7% Cashback,,Pokitpal,70
1068154,In-Store Offer,Beginners Surfing Class,Explore New Adventures and get 7% Cashback,,Pokitpal,70
1068153,In-Store Offer,Behind the Scenes Winery Experience Kies Family Wines,Explore New Adventures and get 7% Cashback,,Pokitpal,70
1068162,In-Store Offer,Bellarine Estate Texas BBQ for two people,Explore New Adventures and get 7% Cashback,,Pokitpal,70
1068164,In-Store Offer,Best of Queenstown,Explore New Adventures and get 7% Cashback,,Pokitpal,70
1068161,In-Store Offer,Beyond The Range 30 Minute Rainforest Scenic Flight,Explore New Adventures and get 7% Cashback,,Pokitpal,70
1068156,In-Store Offer,Big Croc Feeding Experience,Explore New Adventures and get 7% Cashback,,Pokitpal,70
1068163,In-Store Offer,Bird of Prey Encounters and Forest Walk,Explore New Adventures and get 7% Cashback,,Pokitpal,70
1068170,In-Store Offer,Bread - Everything You Knead to Know,Explore New Adventures and get 7% Cashback,,Pokitpal,70
1068169,In-Store Offer,Breakfast With The Koalas with Transfers from Cairns,Explore New Adventures and get 7% Cashback,,Pokitpal,70
1068178,In-Store Offer,Breakfast With The Koalas with Transfers from Palm Cove,Explore New Adventures and get 7% Cashback,,Pokitpal,70
1068171,In-Store Offer,Brisbane City Twilight Helicopter Flight,Explore New Adventures and get 7% Cashback,,Pokitpal,70
1068176,In-Store Offer,Brisbane Day Segway Tour - 2 hours,Explore New Adventures and get 7% Cashback,,Pokitpal,70
1068177,In-Store Offer,Brisbane Night Segway Tour - 2 hours,Explore New Adventures and get 7% Cashback,,Pokitpal,70
1068175,In-Store Offer,Brisbane Segway Tour - 1.5 hours,Explore New Adventures and get 7% Cashback,,Pokitpal,70
1068174,In-Store Offer,Brisbane Segway Tour - 1 Hour,Explore New Adventures and get 7% Cashback,,Pokitpal,70
1068172,In-Store Offer,Brisbane Story Bridge Dawn Climb,Explore New Adventures and get 7% Cashback,,Pokitpal,70
1068173,In-Store Offer,Brisbane Story Bridge Day Climb,Explore New Adventures and get 7% Cashback,,Pokitpal,70
1068182,In-Store Offer,Brisbane Story Bridge Night Climb,Explore New Adventures and get 7% Cashback,,Pokitpal,70
1068181,In-Store Offer,Brisbane Story Bridge Twilight Climb,Explore New Adventures and get 7% Cashback,,Pokitpal,70
1068185,In-Store Offer,Brisbane to Gold Coast Winery Tour,Explore New Adventures and get 7% Cashback,,Pokitpal,70
1068184,In-Store Offer,Brunswick River Nature Kayak Tour,Explore New Adventures and get 7% Cashback,,Pokitpal,70
1068190,In-Store Offer,Bruny Island Adventure,Explore New Adventures and get 7% Cashback,,Pokitpal,70
1068188,In-Store Offer,Bundaberg Rum Blend Your Own Rum Experience,Explore New Adventures and get 7% Cashback,,Pokitpal,70
1068187,In-Store Offer,Bundaberg Rum Distillery Tour with Rum Tastings,Explore New Adventures and get 7% Cashback,,Pokitpal,70
1068186,In-Store Offer,Bundaberg Rum Museum Admission with Rum Tastings,Explore New Adventures and get 7% Cashback,,Pokitpal,70
1068189,In-Store Offer,Bush Tucker Tasting,Explore New Adventures and get 7% Cashback,,Pokitpal,70
1068179,In-Store Offer,"Byron Bay 15,000ft Tandem Skydive",Explore New Adventures and get 7% Cashback,,Pokitpal,70
1068183,In-Store Offer,Byron Bay 2-Hour Surf Lesson,Explore New Adventures and get 7% Cashback,,Pokitpal,70
1068180,In-Store Offer,Byron Bay Dolphin Kayaking Tour,Explore New Adventures and get 7% Cashback,,Pokitpal,70
1068191,In-Store Offer,Byron Bay Sea Kayak with Dolphins and Turtles,Explore New Adventures and get 7% Cashback,,Pokitpal,70
1068192,In-Store Offer,Byron Bay Tandem Hang Gliding Experience,Explore New Adventures and get 7% Cashback,,Pokitpal,70
1068194,In-Store Offer,Cactus Country Garden Entry,Explore New Adventures and get 7% Cashback,,Pokitpal,70
1068193,In-Store Offer,Cage of Death Solo Dive,Explore New Adventures and get 7% Cashback,,Pokitpal,70
1068200,In-Store Offer,Cage of Death Tandem Dive,Explore New Adventures and get 7% Cashback,,Pokitpal,70
1068036,In-Store Offer,Cool Expressions of Chardonnay & Seasonal Platter Package,Explore New Adventures and get 7% Cashback,,Pokitpal,70
1068032,In-Store Offer,Crocosaurus Cove General Admission Tickets,Explore New Adventures and get 7% Cashback,,Pokitpal,70
1068037,In-Store Offer,Croser Sparkling Wine Flight & Seasonal Platter Package,Explore New Adventures and get 7% Cashback,,Pokitpal,70
1068031,In-Store Offer,Crystal Castle Byron Bay General Admission Tickets,Explore New Adventures and get 7% Cashback,,Pokitpal,70
1068035,In-Store Offer,Currumbin Wildlife Sanctuary Entry plus Koala Photo,Explore New Adventures and get 7% Cashback,,Pokitpal,70
1068038,In-Store Offer,Currumbin Wildlife Sanctuary Tickets,Explore New Adventures and get 7% Cashback,,Pokitpal,70
1068045,In-Store Offer,Daintree Afternoon Tour,Explore New Adventures and get 7% Cashback,,Pokitpal,70
1068046,In-Store Offer,Daintree Discovery Centre Entry,Explore New Adventures and get 7% Cashback,,Pokitpal,70
1068047,In-Store Offer,Dark Sky Gold Stars Sunset Dinner,Explore New Adventures and get 7% Cashback,,Pokitpal,70
1068041,In-Store Offer,Dart River Wilderness Jet Experience,Explore New Adventures and get 7% Cashback,,Pokitpal,70
1068044,In-Store Offer,Darwin Royal Flying Doctor Service,Explore New Adventures and get 7% Cashback,,Pokitpal,70
1068040,In-Store Offer,Day Abseil Adventure,Explore New Adventures and get 7% Cashback,,Pokitpal,70
1068039,In-Store Offer,Day Kayak Adventure,Explore New Adventures and get 7% Cashback,,Pokitpal,70
1068042,In-Store Offer,Day Pass including Guided Tour and Cultural Performance,Explore New Adventures and get 7% Cashback,,Pokitpal,70
1068048,In-Store Offer,Die Another Day Jet Ski Tour,Explore New Adventures and get 7% Cashback,,Pokitpal,70
1068049,In-Store Offer,Dingos 2 Day Kgari (Fraser Island) 4WD Tag-Along Tour,Explore New Adventures and get 7% Cashback,,Pokitpal,70
1068050,In-Store Offer,Distillery Tours Tasmania,Explore New Adventures and get 7% Cashback,,Pokitpal,70
1068043,In-Store Offer,Diving on Flinders Reef Moreton Bay,Explore New Adventures and get 7% Cashback,,Pokitpal,70
1068068,In-Store Offer,Evening Glow Worm Kayak Tour from Tauranga including Wine Tasting,Explore New Adventures and get 7% Cashback,,Pokitpal,70
1068067,In-Store Offer,Everglades Explorer,Explore New Adventures and get 7% Cashback,,Pokitpal,70
1068072,In-Store Offer,Exclusive Night Tours Bonorong Wildlife Sanctuary,Explore New Adventures and get 7% Cashback,,Pokitpal,70
1068076,In-Store Offer,Family Cruiser Half Day,Explore New Adventures and get 7% Cashback,,Pokitpal,70
1068077,In-Store Offer,Farm Picnic for 2 People,Explore New Adventures and get 7% Cashback,,Pokitpal,70
1068079,In-Store Offer,Farm Picnic for 4 People,Explore New Adventures and get 7% Cashback,,Pokitpal,70
1068080,In-Store Offer,Farm Picnic for a Family of 4 - 2 adults & 2 Kids,Explore New Adventures and get 7% Cashback,,Pokitpal,70
1068074,In-Store Offer,Farmers Lunch for 2 people,Explore New Adventures and get 7% Cashback,,Pokitpal,70
1068078,In-Store Offer,Farmers Lunch for a family of 4,Explore New Adventures and get 7% Cashback,,Pokitpal,70
1068081,In-Store Offer,Festive Dishes,Explore New Adventures and get 7% Cashback,,Pokitpal,70
1068075,In-Store Offer,Flagstaff Hill Museum Day Entry,Explore New Adventures and get 7% Cashback,,Pokitpal,70
1068073,In-Store Offer,Flinders Ranges 4WD Half Day Aboriginal Cultural Tour,Explore New Adventures and get 7% Cashback,,Pokitpal,70
1068071,In-Store Offer,FlyBoard Extreme,Explore New Adventures and get 7% Cashback,,Pokitpal,70
1068090,In-Store Offer,Forest Adventures Park Entry,Explore New Adventures and get 7% Cashback,,Pokitpal,70
1068083,In-Store Offer,Fraser Island 2.5 Hour Scenic Jetski Tour,Explore New Adventures and get 7% Cashback,,Pokitpal,70
1068087,In-Store Offer,Freak Virtual Reality - Arizona Sunshine Arena Missile Base,Explore New Adventures and get 7% Cashback,,Pokitpal,70
1067942,In-Store Offer,Half Day Animal Tour at Trevena Glen,Explore New Adventures and get 7% Cashback,,Pokitpal,70
1067943,In-Store Offer,Half Day Canyoning  - Queenstown,Explore New Adventures and get 7% Cashback,,Pokitpal,70
1067933,In-Store Offer,Half-Day Hillarys Marina,Explore New Adventures and get 7% Cashback,,Pokitpal,70
1067940,In-Store Offer,Half-Day Swan Valley & Fruit Orchard,Explore New Adventures and get 7% Cashback,,Pokitpal,70
1067931,In-Store Offer,"Half-Day Swan Valley, Caversham Wildlife Park, Wine & Chocolate",Explore New Adventures and get 7% Cashback,,Pokitpal,70
1067932,In-Store Offer,Half-Day Swan Valley Winery & Brewery,Explore New Adventures and get 7% Cashback,,Pokitpal,70
1067946,In-Store Offer,Half Day Twilight Wine and Craft Beer Tour from Queenstown,Explore New Adventures and get 7% Cashback,,Pokitpal,70
1067934,In-Store Offer,Hanmer Springs Bungy Jumping,Explore New Adventures and get 7% Cashback,,Pokitpal,70
1068025,In-Store Offer,KUR-Cow Horse Riding and ATV Tour with Petting Zoo Entry,Explore New Adventures and get 7% Cashback,,Pokitpal,70
1049511,Home and Lifestyle,Luxury Goose Feather / Down Quilt King Bed,Save up to 10% on RRP,,Kappel,70
1049517,Home and Lifestyle,Egyptian 5 Piece Towel Pack - Dove Grey,Save up to 10% on RRP,,Kappel,70
1049518,Home and Lifestyle,Egyptian 5 Piece Towel Pack - Coast,Save up to 10% on RRP,,Kappel,70
1049519,Home and Lifestyle,Egyptian 5 Piece Towel Pack - Slate,Save up to 10% on RRP,,Kappel,70
1049528,Home and Lifestyle,Nimes Natural Quilt Cover Set - Queen,Save up to 10% on RRP,,Kappel,70
1049537,Home and Lifestyle,Augusta Queen Size Sheet Set - Magnet,Save up to 10% on RRP,,Kappel,70
1049538,Home and Lifestyle,Augusta King Size Sheet Set - Magnet,Save up to 10% on RRP,,Kappel,70
1049540,Home and Lifestyle,Augusta Queen Size Sheet Set -Taupe,Save up to 10% on RRP,,Kappel,70
1049542,Home and Lifestyle,Augusta White Sheet Set - Queen,Save up to 10% on RRP,,Kappel,70
1049543,Home and Lifestyle,Augusta White Sheet Set - King,Save up to 10% on RRP,,Kappel,70
1049978,Technology,Clarity Soup Maker,Save up to 10% on RRP,,Kappel,70
1050324,Home and Lifestyle,Belladonna Little Luxuries Pack,Save up to 10% on RRP,,Kappel,70
1059818,Beauty,"FOOT SOOTHE Magnesium Soak, 200gr",Pay only $11; RRP $14.95,,Heysmed,70
1059861,Fashion,Microfibre Bucket Hat – Blue Wave Small,Pay only $17; RRP $22.95,,Heysmed,70
1059865,Fashion,Microfibre Bucket Hat – Star Small,Pay only $17; RRP $22.95,,Heysmed,70
1059871,Beauty,Phytoseptic Natural Anti-Fungal Skin Cream 30g,Pay only $14; RRP $19.95,,Heysmed,70
1059874,Home and Lifestyle,Olive Skin Serum,Pay only $24; RRP $33.95,,Heysmed,70
1059875,Beauty,Acai Berry Active Antioxidant Serum,Pay only $32; RRP $44.95,,Heysmed,70
1059876,Beauty,PhytoCollagen + Vitamin B3 Serum,Pay only $64; RRP $89.95,,Heysmed,70
1059902,Beauty,Nurture Me Pamper Gift Pack,Pay only $32; RRP $42.95,,Heysmed,70
1059755,Home and Lifestyle,Warmies Seal,Pay only $30; RRP $39.95,,Heysmed,70
1059757,Fashion,Sea Turtle Rashie- Size 1,Pay only $30; RRP $39.95,,Heysmed,70
1059758,Fashion,Sea Turtle Rashie- Size 2,Pay only $30; RRP $39.95,,Heysmed,70
1059759,Fashion,Sea Turtle Rashie- Size 4,Pay only $30; RRP $39.95,,Heysmed,70
1059760,Home and Lifestyle,Sea Turtle Rashie- Size 6,Pay only $30; RRP $39.95,,Heysmed,70
1059761,Fashion,Sea Turtle Rashie- Size 8,Pay only $30; RRP $39.95,,Heysmed,70
1059762,Fashion,Wombat Blue Rashie- Size 1,Pay only $30; RRP $39.95,,Heysmed,70
1059763,Fashion,Wombat Blue Rashie- Size 2,Pay only $30; RRP $39.95,,Heysmed,70
1059764,Home and Lifestyle,Wombat Blue Rashie- Size 4,Pay only $30; RRP $39.95,,Heysmed,70
1059765,Fashion,Wombat Blue Rashie- Size 6,Pay only  $30; RRP $39.95,,Heysmed,70
1059766,Fashion,Wombat Blue Rashie- Size 8,Pay only $30; RRP $39.95,,Heysmed,70
1059767,Home and Lifestyle,Warmies Marshmallow Sloth,Pay only $31; RRP $39.95,,Heysmed,70
1059768,Fashion,Wombat Pink Rashie- Size 1,Pay only $30; RRP $39.95,,Heysmed,70
1059769,Fashion,Wombat Pink Rashie- Size 2,Pay only $30; RRP $39.95,,Heysmed,70
1068406,In-Store Offer,Rollas Jeans,5% Cashback on All Purchases,,Pokitpal,70
1068412,In-Store Offer,Rusty Online,5% Cashback on All Online Purchases,,Pokitpal,70
1068417,In-Store Offer,SIN Eyewear,5% Cashback on All Purchases,,Pokitpal,70
1068398,In-Store Offer,Rapid Tune Mitcham Instore,$28 Cashback on Purchases with $150 minimum spend,,Pokitpal,70
1068420,In-Store Offer,Steam Packet Hotel Instore,7% Cashback on All Purchases,,Pokitpal,70
1068425,In-Store Offer,The Greenery Store and Larder Instore,10% Cashback on All Purchases,,Pokitpal,70
1068442,In-Store Offer,Bardot JNR,5% Cashback on All Purchases,,Pokitpal,70
1068446,In-Store Offer,Black Pepper Online,5% Cashback on All Purchases,,Pokitpal,70
1068421,In-Store Offer,St. Frock,5% Cashback on All Purchases,,Pokitpal,70
1068367,In-Store Offer,Macchiato,Up to 10% Cashback,,Pokitpal,70
1068340,In-Store Offer,Indian Express Instore,Up to 20% Cashback on All Purchases,,Pokitpal,70
1068466,In-Store Offer,Chefin,Get $200 Cashback when you spend $1000,,Pokitpal,70
1068488,In-Store Offer,Evolve Skateboards,"Get $100 Cashback when you spend $1,900, or $150 when you spend $2,900+",,Pokitpal,70
1068392,In-Store Offer,Pace Athletic,6% Cashback on All Purchases,,Pokitpal,70
1068487,In-Store Offer,Fast Cover Online,10% Cashback on All Purchases,,Pokitpal,70
1003030,Eat and Drink,Neptune Hotel Devonport TAS,15% Discount,Terms andamp; conditions: One coupon per table. Not valid on public holiday or in conjunction with any other offer.,The Goodstone Group,70
1028359,Eat and Drink,Alexander Hotel  Devonport  TAS,15% Discount,15% Discount. Terms andamp; conditions: One per table. Not available on Public Holidays. Not to be used in conjunction with any other offer.,The Goodstone Group,70
1025250,Eat and Drink,ST Thai Gourmet Cafe  Perth   WA,15% Discount,Terms and Conditions: Spend $50 and receive a 15% Discount. Not valid in conjunction with any other offer.,S&T Thai Gourmet Cafe,70
1024185,Eat and Drink,Sawak Cafe Hobart TAS,15% Discount,Not valid in conjunction with any other offer or special.,Sawak Cafe,70
1015742,Eat and Drink,Spice N Ice Authentic Indian Restaurant Port Adelaide SA,20% Discount,Not valid in conjunction with any other offer. Maximum $20 discount from each coupon.,Spice Nice (Spice N Ice),70
1000102,Eat and Drink,Sunbreakers Restaurant  Mandurah  WA,15% Discount,"Terms and Conditions: Now valid in conjunction with any other offer. Please refer to your member website for full details. Valid up to $30. Not valid with any other offer. Only available Sun-Thurs. Not available on public holidays and specialty days like Motherandrsquo's day, Melbourne cup day, Fatherandrsquo's day, etc.",Sunbreakers Restaurant,70
1015188,Eat and Drink,Taco Bill Melbourne Collins Street  Melbourne  VIC,20% Discount,Not valid in conjunction with any other offer. Valid dine-in or take-away. Available Sunday to Thursday. Not valid Friday or Saturday or with any other offers. Excludes Public Holidays. 1 Coupon per table. Each guest must purchase a main meal. Conditions apply.,Taco Bill - Melbourne Collins Street,70
1028980,Eat and Drink,Taj Agra Indian Restaurant  Canberra  ACT,20% Discount Off Total Bill,Terms and Conditions: Not valid in conjunction with any other offer. Discount up to the value of $20.00 maximum. Offer applies to dine-in only.,Taj Agra Indian Restaurant,70
1025560,Eat and Drink,Texas Hamburgers Pizza  Geelong  VIC,15% Discount,Terms and Conditions: Spend $20 or more and receive a 15% Discount on hot food. Not valid in conjunction with any other offer or any other items.,Texas Hamburgers Pizza,70
1018897,Eat and Drink,Thai Garden Restaurant  Canberra  ACT,Up to 20% Discount,Not valid in conjunction with any other offer. 15% discount applies to dinner and 20% discount applies to lunch menus. Must spend $30 to receive a discount.,Thai Garden Restaurant,70
1033319,Eat and Drink,The Clove Indian Restaurant  Coogee  NSW,20% Discount,Terms  Conditions:Not valid in conjunction with any other offer. Bookings essential. Offer valid from Sunday to Thursday and on Friday  Saturday discount is applicable only on dinner.,The Clove Indian Restaurant,70
1068429,In-Store Offer,Terrace Deli,"15% Cashback for New Customers, 10% for Returning Customers",,Pokitpal,70
1068364,In-Store Offer,Loaded (Formerly CDKeys),Up to 5% Cashback on All Purchases,,Pokitpal,70
1002075,Eat and Drink,Achelya  Docklands  VIC,10% Discount,Terms and Conditions: Not valid in conjunction with any other offer.,"Achelya Restaurant, Cafe & Bar",70
1015577,Eat and Drink,Beecroft Kitchen  10 Discount  Beecroft  NSW,10% Discount,Terms and Conditions: Not valid in conjunction with any other offer.,Beecroft Kitchen,70
1015190,Eat and Drink,Boost Juice Bar  Victoria  Taylors Lakes  VIC,$1 Discount,Terms and Conditions: $1 off any original smoothie or crush. Limit to 1 voucher per customer per day. Not valid in conjunction with any other offer.,Boost Juice Bar Watergardens,70
1002821,Eat and Drink,Cappodocia  Hamilton  NSW,Free can of soft drink or coffee,Terms and conditions: Not valid in conjunction with any other offer.,Cappodocia,70
21143,Eat and Drink,Cha Chis Mexican Cantina  Glenunga  SA,10% Discount,Terms  Conditions: Not valid in conjunction with any other offer.Dinner 7 nights 6 pm -till late.,Cha Chi's Mexican Cantina,70
1038148,Eat and Drink,Goodlife Party Food Shop  Cafe  Ferntree Gully  VIC,"10% off all our goods including catering packages, platters, finger foods and sweets. We deliver all over Melbourne",,Goodlife Party Food Shop & Cafe,70
1066466,Eat and Drink,Goodlife Party Food Shop  Cafe  Ferntree Gully  VIC,"10% off all our goods including catering packages, platters, finger foods and sweets. We deliver all over Melbourne",,Goodlife Party Food Shop & Cafe,70
1068454,In-Store Offer,Cafe La Colline,7% Cashback on all Purchases,,Pokitpal,70
1068375,In-Store Offer,MK Cafe New Farm Park,7% Cashback on all Purchases,,Pokitpal,70
1068404,In-Store Offer,Rifos Cafe,7% Cashback on All Purchases,,Pokitpal,70
1068350,In-Store Offer,Sift Cafe,7% Cashback on All Purchases,,Pokitpal,70
1068426,In-Store Offer,The Kauphy Place,7% Cashback on All Purchases,,Pokitpal,70
1068432,In-Store Offer,The Tamper Trap,7% Cashback on all Purchases,,Pokitpal,70
1025743,Home and Lifestyle,Tiger Waste  Fyshwick   ACT,10% Discount,Terms and Conditions: Not valid in conjunction with any other offer. 10% discount off skip bin hire.,Tiger Waste,70
1043405,Automotive,RNC Auto Electrics,Up to 15% off,,RNC AUTOELECTRICS,70
800960,Automotive,SEL'S AUTO MECHANICAL REPAIRS,10% Discount,,SEL'S AUTO MECHANICAL REPAIRS,70
801098,Automotive,STARWAY MOTORS,10% Discount,,STARWAY MOTORS,70
1002339,Automotive,TTM Automotive,10% Discount,Terms and Conditions: Not valid in conjunction with any other offer.,TTM Automotive,70
800958,Automotive,TUGUN MOTOR REPAIRS,10% Discount,Terms and Conditions: Not valid in conjunction with any other offer.,TUGUN MOTOR REPAIRS,70
1009171,Travel,Tasmanian Symphony Orchestra  HOBART  TAS,Get 5% Discount,Not valid in conjunction with any other offer. Tandamp; C apply. Please refer to your member website for full details.,Tasmanian Symphony Orchestra,70
1067631,In-Store Offer,Abrand Jeans,5% Cashback on All Purchases,,Pokitpal,70
1016122,Beauty,Bliss Day Spa  FREE Neck  Shoulder Massage  Caringbah  NSW,FREE Neck & Shoulder Massage,Not valid in conjunction with any other offer.,Bliss Day Spa,70
1010841,Beauty,Blush Photography  South Yarra  VIC,Free Makeover & Photo Shoot,"Terms and conditions: Valid in Victoria only. One voucher per person per photoshoot only. The customer must be 18 years or over. Subject to availability, not redeemable for cash. Not to be used in conjunction with any other offer. Fully transferable.",Blush Photography,70
1010369,Beauty,Diamond Line Jewellery,Free Jewellery Cleaning & Assessment,Terms and conditions: Valid Between 9am and 6pm Monday to Friday. Saturday by appointment.,Diamond Line Jewellery,70
1032679,Beauty,Curly Top  North Adelaide  SA,Up to 68% Discount,Terms  Conditions: Not valid in conjunction with any other offer. An additional charge of $21 for Toner if required and Extra thick or long hair past shoulder length may incur a $25 surcharge.,Curly Top Hair Salon,70
1010021,Technology,Optus World Fountain Gate,30% Discount,Terms and Conditions may apply. Please refer to your member website for full details,Optus World Fountain Gate,70
1012253,Home and Lifestyle,Timber Coatings Australia  Croydon   VIC,25% off the R.R.P on our entire range!,Terms and Conditions: Not available in conjunction with any other offer.,Timber Coatings Australia,70
800938,Home and Lifestyle,CURRUMBIN GARDEN CENTRE  Currumbin Waters  QLD,5% Discount,Terms and Conditions may apply. Please refer to your member website for full details,CURRUMBIN GARDEN CENTRE,70
1047640,Beauty,Gifts Australia,10% off over $75,,Gifts Australia,70
1068450,In-Store Offer,Boody,"10% Cashback for New Customers, 6% for Returning Customers",,Pokitpal,70
1009303,Fashion,Panthers Mensland,10% Discount,Terms and Conditions: Not valid in conjunction with any other offer.,Panthers Mensland,70
1010299,Beauty,Hair Forum  Adelaide  SA,15% Discount,Not valid in conjunction with any other offer. 15% discount on all services. 10% discount on all products. Offer valid Monday-Thursday.,Hair Forum,70
1031293,Beauty,Heathridge Hair Nails  Beauty  Heathridge  WA,15% Discount,Not valid in conjunction with any other offer. Does not include hair services or products. The minimum spend is $30.,Heathridge Hair Nails & Beauty,70
1033723,Beauty,Laibas Beauty  Albert Park   VIC,20% Discount,Terms  Conditions:Not valid in conjunction with any other offer.,Laibas Beauty,70
1023393,Beauty,Luppinos Hair  Body  Brisbane City  QLD,20% Discount,Terms and Conditions: Not valid in conjunction with any other offer. Valid Monday to Thursday only. 20% discount off hair services only.,Luppino's Hair Brisbane City,70
1031247,Beauty,Revz Barber Shop  Mandurah  WA,15% Discount,Not valid in conjunction with any other offer.,Revz Mandurah mens hairdresser open 7 days,70
1027455,Beauty,Salon 27  Pyrmont NSW,15% Discount,Not valid in conjunction with any other offer. Excludes products. Bookings only.,Salon 27,70
1010290,Beauty,Sirocco Hair Design  Newcastle West  NSW,20% Discount,Not valid in conjunction with any other offer. 20% off service. Excludes retail products.,Sirocco Hair Design,70
1031177,Beauty,The Nail Depot  Subiaco  WA,15% Discount,The Nail Depot,The Nail Depot,70
1016377,Eat and Drink,Bentleighs Best Charcoal Chicken  Bentleigh  VIC,15% Discount,Terms and Conditions: Not valid in conjunction with any other offer.,Centre Charcoal Chicken,70
1025002,Eat and Drink,Noodle Box Ballarat North Ballarat VIC,15% Discount,Terms and Conditions: Spend $15 or more and receive a 15% Discount. Not valid in conjunction with any other offer.,Noodle Box Ballarat,70
1025518,Eat and Drink,Noodle Canteen  Kangaroo Flat  VIC,15% Discount,Terms and Conditions: Spend $20 or more and receive a 15% Discount. Not valid in conjunction with any other offer. Lunchtime only. Not valid for dinner after 5 pm.,Noodle Canteen,70
1027875,Eat and Drink,"Oliver's Bakery - Ulverstone, TAS",15% Discount,Dine-in or takeaway - for up to 6 people. Not valid in conjunction with any other offer,Olivers Bakery & Cafe,70
1024354,Eat and Drink,Munchies  Cowra  NSW,15% Discount,Terms and Conditions: Not valid in conjunction with any other offer. Spend $15 or more and receive a 15% discount.,Uptown Takeaway Cowra,70
1012770,Home and Lifestyle,Fourways Drycleaners  Devonport  TAS,Get 10% Off on all drycleaning,Not valid in conjunction with any other offer.,Four Ways Drycleaners,70
801066,Beauty,JANE WILSON PHARMACY  Kipparing  QLD,10% Discount,Terms and Conditions may apply. Please refer to your member website for full details,Jane Wilson Sp Pharmacy,70
1008833,Beauty,Just Cuts  Sunshine Plaza  Maroochydore  QLD,$2 Discount,Terms and Conditions may apply. Please refer to your member website for full details,Just Cuts - Sunshine Plaza,70
29992,Home and Lifestyle,Manhattan Dry Cleaners  Adelaide  SA,Get 10% Discount,Terms  Conditions: Not valid in conjunction with any other offer.,Manhattan Dry Cleaners,70
1024734,Eat and Drink,Madisons Broadbeach QLD,2 For 1,Terms and Conditions: Buy one coffee and get one free. Not valid in conjunction with any other offer.,Madison's Cafe,70
1031244,Eat and Drink,Thai On The Terrace  Mandurah  WA,10% Discount,Not valid in conjunction with any other offer. Excluding Friday and Saturday,Thai On The Terrace,70
1068470,In-Store Offer,Coffee Traders Instore,10% Cashback on Purchases with $30 minimum spend,,Pokitpal,70
1008687,Home and Lifestyle,About Town Windscreens  Pimlico  QLD,10% Discount,Terms and Conditions may apply. Please refer to your member website for full details,About Town Windscreen Repairs,70
1008353,Automotive,Bricknell Radiator Specialists,10% Discount,,Bricknell Radiators and Mechanical Repairs Pty Ltd,70
1008672,Automotive,Gladstone Mufflers & Suspension,10% Discount,Not valid in conjunction with any other offer.,Gladstone Mufflers & Suspension,70
800971,Automotive,GOLD COAST 4WD  WRECKERS PTY LTD,10% Discount,Terms and Conditions: Not valid in conjunction with any other offer.,Gold Coast 4WD Wreckers,70
800592,Automotive,J & H Windscreens,10% Discount,Terms and Conditions: Not valid in conjunction with any other offer.,J & H WINDSCREENS NARRABRI,70
800718,Home and Lifestyle,MOREE ALUMINIUM  GLASS  MOREE  NSW,Get 10% Discount,,Moree Aluminium & Glass,70
1066393,Automotive,Oridon,Enjoy 10% Off on Premium Car Care Range,,Oridon - Motor One Offer,70
1068428,In-Store Offer,The Collagen Co. Online,5% Cashback on All Purchases,,Pokitpal,70
29127,Eat and Drink,The Aztec Mexican Broadbeach  Burleigh  QLD,25% Discount,Not valid in conjunction with any other offer.,Aruba Pty Ltd,70
1018882,Eat and Drink,The Aztec Mexican Coolangatta  Burleigh  QLD,25% Discount,Not valid in conjunction with any other offer.,Aruba Pty Ltd,70
1018883,Eat and Drink,The Aztec Mexican Forster  Burleigh  QLD,25% Discount,Terms andamp; Conditions: 25% discount on food bill only up to a value of $25. Not valid in conjunction with any other offer.,Aruba Pty Ltd,70
1015192,Eat and Drink,Taco Bill Sunbury VIC,Save 25% on the total bill,"Terms and Conditions: 25% off the total bill up to $25 value. Valid dine-in or take-away, Monday - Sunday. Not valid in conjunction with any other offers. Excludes Public Holidays. 1 Coupon per table. Each guest must purchase a main meal. Conditions apply.",Taco Bill - Sunbury,70
1068347,In-Store Offer,Pablo & Rustys Brisbane CBD,Up to 10% Cashback,,Pokitpal,70
1068383,In-Store Offer,Nena and Pasadena,8% Cashback on All Purchases,,Pokitpal,70
1068234,In-Store Offer,Travello,7% Cashback on All Purchases,,Pokitpal,70
1068241,In-Store Offer,Urban Xtreme,7% Cashback on All Purchases,,Pokitpal,70
1028994,Eat and Drink,7 Village Indian Restaurant  Dickson  ACT,"Spend $40 and receive 15% Discount , otherwise 10% Discount applies",Terms and Conditions: Not valid in conjunction with any other offer or specials.,7 Village Indian Restaurant,70
1024136,Eat and Drink,Ablas Patisserie  Preston  VIC,15% Discount,Terms and Conditions: Not valid in conjunction with any other offer. Spend $50 or more and receive a 15% discount.,Ablas Patisserie,70
1031173,Eat and Drink,Chutney Marys  Subiaco  WA,20% Discount,Not valid in conjunction with any other offer. Dine-in special Monday to Thursday only. Offer does not apply to drinks. Food bill only.,Chutney Mary's Indian Restaurant,70
1044522,Eat and Drink,Communal Bar,20% off any order,,Communal Bar,70
1035971,Eat and Drink,Liquormart,20% Discount,Terms  Conditions: Not valid in conjunction with any other offer.See website for full details. Offer not valid on HOT DEALS.,Crush Fine Wines,70
1010236,Eat and Drink,Curry Vault Indian Restaurant  Bar  Melbourne  VIC,15% Discount,Terms and Conditions: Valid for lunch and dinner Monday to Thursday (dine-in only). Limit of one coupon per table. Not valid in conjunction with any other offer.,Curry Vault Indian Restaurant & Bar,70
1023736,Eat and Drink,"Chocolatree - North Adelaide, SA",15% Discount,Terms and Conditions: Not valid in conjunction with any other offer. Not available on gift packs and gift cards. Spend $15 on more and receive a 15% discount.,Shirkhund Pty Ltd (Chocolatree),70
1023154,Home and Lifestyle,Toorak Road Laundry Services,Up to 15% Discount,Not valid in conjunction with any other offer or special.,Toorak Road Laundry Services,70
1047537,Eat and Drink,Fruit Only,10% off,,day2dayrewards,70
1028988,Eat and Drink,VIP Pies Bakery Canberra ACT,Buy a pie & regular coffee and receive a coffee upgrade to large,Terms and Conditions: Not valid in conjunction with any other offer.,VIP Pies Bakery,70
1008656,Automotive,Powerhouse Auto Repairs,10% Discount,,Powerhouse Auto Repairs,70
801240,Automotive,QUICK FIT TYRE SERVICE RESERVOIR,Member only offer,Terms and conditions: Not valid in conjunction with any other offer.,QUICK FIT TYRE SERVICE RESERVOIR,70
800411,Home and Lifestyle,Tamworth Chainsaw  Mower Centre  Tamworth  NSW,10% Discount,Terms  Conditions: Not valid in conjunction with any other offer.,Tamworth Chainsaw & Mower Centre,70
1008706,Home and Lifestyle,LJ Hooker Atherton  Atherton  QLD,Get 5% Discount,,LJ Hooker Atherton,70
1009858,Fashion,Delross Design Jewellers,FREE WEDDING BANDS,Terms and conditions: Not valid in conjunction with any other offer.,Delross Design Jewellers,70
1008867,Beauty,Mackay Denture Centre Mackay  QLD,Free Consultation,Terms and Conditions may apply. Please refer to your member website for full details,Mackay Denture Centre,70
1034785,Beauty,Relax  Rebalance  Shailer Park  QLD,30 minutes Free Massage,Terms  Conditions: Not valid in conjunction with any other offer.,Relax & Rebalance,70
1015675,Beauty,Par Excellence in Beecroft  Up to 60 Discount  Beecroft  NSW,Up to 60% Discount,Not valid in conjunction with any other offer.,Par Excellence Hairdresser Beecroft,70
1015677,Beauty,Par Excellence in Beecroft  25 Discount  Beecroft  NSW,25% Discount,Not valid in conjunction with any other offer.,Par Excellence Hairdresser Beecroft,70
1043090,Fashion,Converse/ Licensee Conquest Sports (Aust) Pty Ltd,Get 3% Cashback,,Cashback Offers AU,70
1050773,Beauty,Dope Skin Co,Get 7% Cashback,,Cashback Offers AU,70
1050786,Fashion,Decathlon Australia,Get 5% Cashback,,Cashback Offers AU,70
1041459,Travel,Travel Insurance Direct,Get 6% Cashback,,Travel Insurance Direct,70
1050616,Home and Lifestyle,easyflowers,Get 11% Cashback,,Cashback Offers AU,70
1066620,Technology,Anker,Get 5% Cashback,,Cashback Offers AU,70
1059830,Home and Lifestyle,Tiger Trade,Get $65 Cashback,,Tiger Trade,70
1066619,Eat and Drink,MILKRUN,Get 1.5% Cashback,,Cashback Offers AU,70
1045923,Home and Lifestyle,The Healthy Mummy,Get 6.5% Cashback,,The Healthy Mummy,70
1045911,Eat and Drink,Tropeaka,Get 9% Cashback,,Tropeaka,70
1050867,Home and Lifestyle,Global Shop Direct,Get 7% Cashback,,Cashback Offers AU,70
1047651,Beauty,UGG Express,Get 8% Cashback,,UGG Express,70
1047528,Eat and Drink,vinomofo,$30 Off for new customers,,vinomofo,70
1047893,Beauty,Clinique Australia,Get 6% Cashback,,FlexOffers,70
1050936,Fashion,lululemon,Get 5% Cashback,,Cashback Offers AU,70
1047248,Entertainment,LEGO SYSTEM AU,Get 3% Cashback,,Cashback Offers AU,70
1050646,Fashion,Adrift,Get 7% Cashback,,Cashback Offers AU,70
1050818,Beauty,INGLOT Cosmetics Australia,Get 7% Cashback,,Cashback Offers AU,70
1050897,Fashion,MISHA,Get 8% Cashback,,Cashback Offers AU,70
1059905,Eat and Drink,The Whisky Club,Get $10 Cashback,,Cashback Offers AU,70
1065810,Travel,Airbnb eGift Card,Get 4% Discount,,True Rewards - Standard,70
1066564,Fashion,Kathmandu eGift Card,Get 4% Discount,,True Rewards - Standard,70
1066569,Fashion,OPSM eGift Card,Get 4% Discount,,True Rewards - Standard,70
1066560,Fashion,Bonds eGift Card,Get 4% Discount,,True Rewards - Standard,70
1066561,Fashion,Cotton On Group eGift Card,Get 4% Discount,,True Rewards - Standard,70
1066559,Home and Lifestyle,Amart Furniture eGift Card,Get 4% Discount,,True Rewards - Standard,70
1068023,In-Store Offer,KUR-Cow Horse Riding with Petting Zoo entry,Explore New Adventures and get 7% Cashback,,Pokitpal,75
1068011,In-Store Offer,Lady Elliot Island Day Tour from the Gold Coast,Explore New Adventures and get 7% Cashback,,Pokitpal,75
1068013,In-Store Offer,Lady Elliot Island Day Trip from Brisbane,Explore New Adventures and get 7% Cashback,,Pokitpal,75
1068022,In-Store Offer,Lake Cave Fully Guided Tour,Explore New Adventures and get 7% Cashback,,Pokitpal,75
1068027,In-Store Offer,Lake Dunstan Trail 1 Day Self-guided Tour,Explore New Adventures and get 7% Cashback,,Pokitpal,75
1068019,In-Store Offer,Lake Tekapo Stargazing Tour at Mt John Observatory,Explore New Adventures and get 7% Cashback,,Pokitpal,75
1068016,In-Store Offer,Larc Cruise including Lunch,Explore New Adventures and get 7% Cashback,,Pokitpal,75
1068014,In-Store Offer,Learn to Surf at Broadbeach,Explore New Adventures and get 7% Cashback,,Pokitpal,75
1068015,In-Store Offer,Learn to Surf Australias Longest Wave,Explore New Adventures and get 7% Cashback,,Pokitpal,75
1068026,In-Store Offer,Learn To Surf Australias Longest Wave at Double Island Point Departing Noosa,Explore New Adventures and get 7% Cashback,,Pokitpal,75
1068021,In-Store Offer,Learn to Surf Lesson,Explore New Adventures and get 7% Cashback,,Pokitpal,75
1068012,In-Store Offer,Learn to Surf on Bondi Beach,Explore New Adventures and get 7% Cashback,,Pokitpal,75
1068017,In-Store Offer,Learn to Surf Torquay,Explore New Adventures and get 7% Cashback,,Pokitpal,75
1068020,In-Store Offer,Leeuwin Estate Tier 2 Art & Wine Pairing,Explore New Adventures and get 7% Cashback,,Pokitpal,75
1068018,In-Store Offer,Leeuwin Estate Tier 2 Triple Celebration,Explore New Adventures and get 7% Cashback,,Pokitpal,75
1068029,In-Store Offer,LEGOLAND ® Discovery Centre GA,Explore New Adventures and get 7% Cashback,,Pokitpal,75
1068028,In-Store Offer,Lennox Heads 2 hour Group Surf Lesson,Explore New Adventures and get 7% Cashback,,Pokitpal,75
1067836,In-Store Offer,Lets Go Buggin Morning Tour,Explore New Adventures and get 7% Cashback,,Pokitpal,75
1067835,In-Store Offer,Lock Stock and Two Smoking Paddles,Explore New Adventures and get 7% Cashback,,Pokitpal,75
1067830,In-Store Offer,Lone Pine Koala Sanctuary Tickets,Explore New Adventures and get 7% Cashback,,Pokitpal,75
1067831,In-Store Offer,Lone Pine Koala Sanctuary with Return River Cruise,Explore New Adventures and get 7% Cashback,,Pokitpal,75
1067834,In-Store Offer,Low Isles Afternoon Tour,Explore New Adventures and get 7% Cashback,,Pokitpal,75
1067867,In-Store Offer,Melbourne Cricket Ground Tour,Explore New Adventures and get 7% Cashback,,Pokitpal,75
1067861,In-Store Offer,Melbourne Cricket Ground Tour and Australian Sports Museum Entrance,Explore New Adventures and get 7% Cashback,,Pokitpal,75
1067860,In-Store Offer,Melbourne Cup Lunch Cruise,Explore New Adventures and get 7% Cashback,,Pokitpal,75
1067855,In-Store Offer,Melbourne Foodie Walking Tour,Explore New Adventures and get 7% Cashback,,Pokitpal,75
1067865,In-Store Offer,Melbourne Horse Drawn Carriage Tour,Explore New Adventures and get 7% Cashback,,Pokitpal,75
1067862,In-Store Offer,Melbourne Hot Air Ballooning,Explore New Adventures and get 7% Cashback,,Pokitpal,75
1067859,In-Store Offer,Melbourne Indoor Go Karting,Explore New Adventures and get 7% Cashback,,Pokitpal,75
1067858,In-Store Offer,Melbourne Rally Car Experience - 16 Laps Package,Explore New Adventures and get 7% Cashback,,Pokitpal,75
1067857,In-Store Offer,Melbourne Rally Car Experience - 8 Laps Package,Explore New Adventures and get 7% Cashback,,Pokitpal,75
1067856,In-Store Offer,Melbourne Rally Car Experience - Hot Laps,Explore New Adventures and get 7% Cashback,,Pokitpal,75
1067866,In-Store Offer,Melbourne Skydeck Cocktails in the Clouds,Explore New Adventures and get 7% Cashback,,Pokitpal,75
1067869,In-Store Offer,"Melbourne Tandem Skydiving up to 15,000ft",Explore New Adventures and get 7% Cashback,,Pokitpal,75
1059770,Fashion,Wombat Pink Rashie- Size 4,Pay only $30; RRP $39.95,,Heysmed,75
1059771,Fashion,Wombat Pink Rashie- Size 6,Pay only $30; RRP $39.95,,Heysmed,75
1059772,Fashion,Wombat Pink Rashie- Size 8,Pay only $30; RRP $39.95,,Heysmed,75
1059776,Home and Lifestyle,Warmies Brown Puppy,Pay only $30; RRP $39.95,,Heysmed,75
1059807,Fashion,Suede Cap,Pay only $18; RRP $22.95,,Heysmed,75
1059813,Fashion,S - ARCTIC - Microfibre Reversible Brim Hat (SMALL),Pay only $19; RRP $24.94,,Heysmed,75
1059848,Fashion,S - LILAC - GIRLS REVERS - (SMALL),Pay only $19; RRP $24.94,,Heysmed,75
1059855,Fashion,S - PINK - GIRLS REVERS - (SMALL),Pay only $19; RRP $24.94,,Heysmed,75
1059884,Home and Lifestyle,Soothing Facial Mist,Pay only $14; RRP $18.50,,Heysmed,75
1049349,Beauty,"Live Well Essential Oil Pack - Spirit, Dream, Calm",Save up to 15% on RRP,,Kappel,75
1049350,Beauty,"Live Well Essential Oil Pack - Signature, Clarity, Breathe",Save up to 15% on RRP,,Kappel,75
1011895,Eat and Drink,JPs Restaurant  Port Pirie  SA,Buy 1 Get 1 Free,Terms  Conditions: Not valid in conjunction with any other offer.Offer available seven days per week for breakfast  dinner. Not available on public holidays.,John Pirie Motor Inn,75
1008314,Travel,Riversands Vineyards  ST GEORGE  QLD,Free Coffee,Terms and conditions: Not valid in conjunction with any other offer.,Riversands Vineyards,75
1013479,Financial Services,SMSF Investor  Albury  NSW,FREE 6 month subscription to our General Investment Advice service,,SMSF Investor,75
1015930,Home and Lifestyle,Southern Exposure Photography  Carringbah  NSW,FREE Photo Shoot,Not valid in conjunction with any other offer. Fully refundable deposit required at time of booking. Over 18 to book a session. Excludes weddings.,Southern Exposure Photography,75
800575,Automotive,GUNNEDAH HYDRAULICS,5% Discount,,GUNNEDAH HYDRAULICS,75
800613,Automotive,MEYER'S MOTORS,5% Discount,Terms and Conditions may apply. Please refer to your member website for full details,Meyers Motors Binnaway,75
1009365,Beauty,Salera's Jewellmasters,10% Discount,Terms and Conditions: Not valid in conjunction with any other offer.,Salera's Jewellmasters,75
1068481,In-Store Offer,Ecoya Online,8% Cashback on All Purchases,,Pokitpal,75
1068334,In-Store Offer,Happy Healthy You,7% Cashback on All Purchases,,Pokitpal,75
1068377,In-Store Offer,Mr Roses,7% Cashback on All Purchases,,Pokitpal,75
1003335,Travel,The Cairns Wildlife Dome  Cairns City  QLD,Get 10% discount,Terms and Conditions: Not valid in conjunction with any other offer. Must be booked direct.,Cairns ZOOM and Wildlife Dome,75
1003334,Travel,Rainforestation Nature Park  Kuranda  QLD,Get 10% discount,"Terms and Conditions: Not valid in conjunction with any other offer. Must be booked direct. Discount does not include any meals, drinks, or souvenirs.",Rainforestation Nature Park,75
1065303,Travel,Seashells,Get up to 15% Savings,,Seashells,75
1002920,Fashion,Ties 'n Cuffs,10% Discount,Not valid in conjunction with any other offer.,TiesNCuffs,75
1008745,Fashion,Tony Barlow Menswear  Brisbane City  QLD,Get 10% Discount,Not valid in conjunction with any other offer.,Tony Barlow Menswear & Formal Hire,75
1027874,Eat and Drink,JJs Bakery and Old Mill Cafe  LONGFORD  TAS,15% Discount,Dine-in or takeaway - for up to 6 people. Not valid in conjunction with any other offer,JJ's Bakery and Old Mill Cafe,75
1009755,Eat and Drink,Macas Take Away BROOME  WA,20% Discount,Terms and Conditions: 20% on food only. Not valid in conjunction with any other offer.,Macas Takeaway,75
1023750,Eat and Drink,Makis Yiros Glenelg SA,15% Discount,Terms and Conditions: Not valid in conjunction with any other offer. 15% discount storewide.,Makis Yiros Shack Cafe,75
1024353,Eat and Drink,Manaeesh Bakery Pizza Parramatta  NSW,15% Discount,Terms and Conditions: Not valid in conjunction with any other offer. Spend $20 or more and receive a 15% Discount.,Manaeesh Bakery & Pizza,75
1027858,Eat and Drink,Martini Coffee Lounge BURNIE TAS,20% Discount,Dine-in only. Not in conjunction with any other offer,Martini Coffee Lounge,75
1032755,Eat and Drink,MICHAELS FISH N CHIPS Hoppers Crossing VIC,14% Discount,Terms  Conditions: Not valid in conjunction with any other offer.,Michael's Fish Shop,75
1023743,Eat and Drink,Scootz Adelaide SA,15% Discount,Terms and Conditions: Not valid in conjunction with any other offer. Spend $15 or more and receive a 15% discount.,Scootz Cafe,75
1047558,Eat and Drink,Dessert Boxes,15% Off,,day2dayrewards,75
29133,Eat and Drink,Cafe Julia Doncaster East  VIC,10% Discount,Terms  Conditions: Not valid in conjunction with any other offer.,Café Julia,75
1031112,Eat and Drink,Capital Roasters  Fyshwick   ACT,10% Discount,Terms  Conditions: Not valid in conjunction with any other offer.,Capital Roasters,75
1031277,Eat and Drink,Coastal Kebabs  Mandurah  WA,Complimentary Turkish Delights,Not valid in conjunction with any other offer.,Coastal Kebabs,75
1067637,In-Store Offer,Artem Coffee Highgate,7% Cashback on all Purchases,,Pokitpal,75
1068439,In-Store Offer,Badmanner Thymes Espresso,7% Cashback on All Purchases,,Pokitpal,75
1068456,In-Store Offer,Brushfoot Cafe,7% Cashback on All Purchases,,Pokitpal,75
1068333,In-Store Offer,Hard Coffee Brisbane Instore,9% Cashback on All Purchases,,Pokitpal,75
1068394,In-Store Offer,Poppys Coffee Spot,7% Cashback on All Purchases,,Pokitpal,75
1047618,Beauty,Boofhead Bites,"Buy any 2 products, receive a third product for free.",,Boofhead Bites,75
1031096,Travel,Studio Flamenco  Clarence Park  SA,Get 10% Discount,Not valid in conjunction with any other offer.,Studio Flamenco,75
29126,Eat and Drink,Pancakes in Paradise Burleigh  QLD,25% Discount,Terms  Conditions: Not valid in conjunction with any other offer. Offer applies to food bills only.,Aruba Pty Ltd,75
1002212,Eat and Drink,Montezumas Surfers Paradise  Burleigh  QLD,25% Discount,Terms and conditions: up to a maximum of $25. Does not include drinks. Only valid for dinner. Special conditions apply - please call the restaurant. Not valid for public holidays. Not valid in conjunction with any other offer.,Aruba Pty Ltd,75
1068459,In-Store Offer,Capri Theatre,Up to 20% Cashback,,Pokitpal,75
1068356,In-Store Offer,Kiss Chacey,8% Cashback on All Purchases,,Pokitpal,75
1046111,Eat and Drink,Beer Cartel,Get 4% Cashback,,Beer Cartel,75
1047287,Home and Lifestyle,Sheridan,Get up to 7% Cashback,,Cashback Offers AU,75
1047236,Technology,JBL Australia,Get 5% Cashback,,Cashback Offers AU,75
1050688,Home and Lifestyle,Chemist Direct,Get 4% Cashback,,Cashback Offers AU,75
1047296,Fashion,Supre,Get 5% Cashback,,Cashback Offers AU,75
1050070,Fashion,ASOS,Get up to 1.5% Cashback,,Cashback Offers AU,75
1047238,Fashion,JD Sports Australia,Up to 6% Cashback,,Cashback Offers AU,75
1066613,Fashion,Country Road eGift Card,Get 4% Discount,,True Rewards - Standard,75
1065000,Fashion,Myer eGift Card,Get 4% Discount,,True Rewards - Standard,75
1067870,In-Store Offer,Melbourne Virtual Reality Escape Room,Explore New Adventures and get 7% Cashback,,Pokitpal,85
1067871,In-Store Offer,Mid-Morning Beach Horse Ride,Explore New Adventures and get 7% Cashback,,Pokitpal,85
1067874,In-Store Offer,Milford Sound Scenic Flight from Queenstown,Explore New Adventures and get 7% Cashback,,Pokitpal,85
1067888,In-Store Offer,Mirror Bar Surfers Paradise,Explore New Adventures and get 7% Cashback,,Pokitpal,85
1067887,In-Store Offer,Museum of Vehicle Evolution (M.O.V.E),Explore New Adventures and get 7% Cashback,,Pokitpal,85
1067884,In-Store Offer,Mystery Picnic Burleigh,Explore New Adventures and get 7% Cashback,,Pokitpal,85
1067883,In-Store Offer,Mystery Picnic Tamborine Mountain,Explore New Adventures and get 7% Cashback,,Pokitpal,85
1067896,In-Store Offer,Mystical Blue Mountains Sunset Tour,Explore New Adventures and get 7% Cashback,,Pokitpal,85
1067897,In-Store Offer,Nelson Mountain Adventure Scenic Helicopter Flight,Explore New Adventures and get 7% Cashback,,Pokitpal,85
1067898,In-Store Offer,New Years Eve Cruise,Explore New Adventures and get 7% Cashback,,Pokitpal,85
1067894,In-Store Offer,Newcastle Treetop Adventure Park,Explore New Adventures and get 7% Cashback,,Pokitpal,85
1067900,In-Store Offer,Noosa Dolphin View Kayak Tour,Explore New Adventures and get 7% Cashback,,Pokitpal,85
1067890,In-Store Offer,Noosa Fishing and Crab Tours,Explore New Adventures and get 7% Cashback,,Pokitpal,85
1067891,In-Store Offer,Noosa Ocean Adventure,Explore New Adventures and get 7% Cashback,,Pokitpal,85
1067892,In-Store Offer,Noosa Surfing Lesson,Explore New Adventures and get 7% Cashback,,Pokitpal,85
1067893,In-Store Offer,"Noosa Tandem Skydive up to 15,000ft",Explore New Adventures and get 7% Cashback,,Pokitpal,85
1067905,In-Store Offer,Nougat and Wine Pairing Brunch with Tour,Explore New Adventures and get 7% Cashback,,Pokitpal,85
1067908,In-Store Offer,Ocean Life Aventure Cruise,Explore New Adventures and get 7% Cashback,,Pokitpal,85
1067904,In-Store Offer,One Day Thredbo Snow Tour from Sydney,Explore New Adventures and get 7% Cashback,,Pokitpal,85
1067903,In-Store Offer,Otway Fly Treetop Walk,Explore New Adventures and get 7% Cashback,,Pokitpal,85
1067902,In-Store Offer,Otway Fly Zipline Tour,Explore New Adventures and get 7% Cashback,,Pokitpal,85
1067906,In-Store Offer,Outer Reef Odyssey 40 Minute Scenic Flight,Explore New Adventures and get 7% Cashback,,Pokitpal,85
1067907,In-Store Offer,Outer Reef Snorkel Adventure,Explore New Adventures and get 7% Cashback,,Pokitpal,85
1067909,In-Store Offer,Paint and Sip Art Sessions,Explore New Adventures and get 7% Cashback,,Pokitpal,85
1067916,In-Store Offer,Paradise Country Koala Breakfast,Explore New Adventures and get 7% Cashback,,Pokitpal,85
1067922,In-Store Offer,Parasailing plus  Jet Ski Safari,Explore New Adventures and get 7% Cashback,,Pokitpal,85
1067920,In-Store Offer,Paronella Park Entry Tickets,Explore New Adventures and get 7% Cashback,,Pokitpal,85
1067919,In-Store Offer,Pearl Luggers Tour by Willie Creek Pearls,Explore New Adventures and get 7% Cashback,,Pokitpal,85
1067918,In-Store Offer,Penfolds Wine Tasting and Tour with Optional Lunch,Explore New Adventures and get 7% Cashback,,Pokitpal,85
1067911,In-Store Offer,Penguin Island Cruise from Perth,Explore New Adventures and get 7% Cashback,,Pokitpal,85
1067912,In-Store Offer,Perth Swim with Dolphins Cruise,Explore New Adventures and get 7% Cashback,,Pokitpal,85
1067917,In-Store Offer,Perth Tandem Skydiving (Rockingham),Explore New Adventures and get 7% Cashback,,Pokitpal,85
1067926,In-Store Offer,Petaluma Yellow Label - Distinguished Vineyards & Seasonal Platter Package,Explore New Adventures and get 7% Cashback,,Pokitpal,85
1067924,In-Store Offer,Phillip Island Nature Parks Guided Penguin Tour,Explore New Adventures and get 7% Cashback,,Pokitpal,85
1067921,In-Store Offer,Phillip Island Nature Parks Multi Park Pass,Explore New Adventures and get 7% Cashback,,Pokitpal,85
1067914,In-Store Offer,Phillip Island Nature Parks Penguin Parade Entry,Explore New Adventures and get 7% Cashback,,Pokitpal,85
1067923,In-Store Offer,Phillip Island Nature Parks Tier 2 Adventure Tour,Explore New Adventures and get 7% Cashback,,Pokitpal,85
1067925,In-Store Offer,Phillip Island Penguins Express tour,Explore New Adventures and get 7% Cashback,,Pokitpal,85
1067910,In-Store Offer,Phillip Island Tour with Penguins Plus Viewing,Explore New Adventures and get 7% Cashback,,Pokitpal,85
1067915,In-Store Offer,Pohatu Sea Kayaking and Scenic 4WD Safari,Explore New Adventures and get 7% Cashback,,Pokitpal,85
1068395,In-Store Offer,PokitPal Explore,Explore New Adventures and get 7% Cashback,,Pokitpal,85
1067913,In-Store Offer,Polynesian Spa Entry & Packages in Rotorua,Explore New Adventures and get 7% Cashback,,Pokitpal,85
1067928,In-Store Offer,Port Arthur Historic Site Entry with Cruise,Explore New Adventures and get 7% Cashback,,Pokitpal,85
1067927,In-Store Offer,Port Douglas Classic Hot Air Balloon Flight,Explore New Adventures and get 7% Cashback,,Pokitpal,85
1067733,In-Store Offer,Port Stephens 4WD Beach & Dune Tour,Explore New Adventures and get 7% Cashback,,Pokitpal,85
1067735,In-Store Offer,Port Stephens Unlimited Sandboarding & 4WD Adventure,Explore New Adventures and get 7% Cashback,,Pokitpal,85
1067737,In-Store Offer,Printhie Wines Picnic And Guided Wine Tasting Tour,Explore New Adventures and get 7% Cashback,,Pokitpal,85
1067740,In-Store Offer,Private Coonawarra Full Day Wine Tour with Lunch,Explore New Adventures and get 7% Cashback,,Pokitpal,85
1067736,In-Store Offer,Private Family Surf Lesson at Main Beach,Explore New Adventures and get 7% Cashback,,Pokitpal,85
1067738,In-Store Offer,Private Farm Experience for Two,Explore New Adventures and get 7% Cashback,,Pokitpal,85
1067741,In-Store Offer,Purely Whitehaven Half-Day Cruise,Explore New Adventures and get 7% Cashback,,Pokitpal,85
1067730,In-Store Offer,Queenstown Quad Bike Tours,Explore New Adventures and get 7% Cashback,,Pokitpal,85
1067739,In-Store Offer,Quickie on the Coast,Explore New Adventures and get 7% Cashback,,Pokitpal,85
1067732,In-Store Offer,Rainbow Beach Dolphin Kayak & 4WD Beach Drive Adventure,Explore New Adventures and get 7% Cashback,,Pokitpal,85
1067929,In-Store Offer,Rainforestation Nature Park Package,Explore New Adventures and get 7% Cashback,,Pokitpal,85
1067731,In-Store Offer,Rangitaiki River Grade 3 to 4 Water Rafting,Explore New Adventures and get 7% Cashback,,Pokitpal,85
1067734,In-Store Offer,Rangitoto Ferry Only,Explore New Adventures and get 7% Cashback,,Pokitpal,85
1067748,In-Store Offer,Reef Rainforest 60 Minute Reef Scenic Flight,Explore New Adventures and get 7% Cashback,,Pokitpal,85
1067747,In-Store Offer,Reef Scenic 30 Minute Flight With Landing On Vlassof Cay,Explore New Adventures and get 7% Cashback,,Pokitpal,85
1067746,In-Store Offer,Reef Shark Snorkel plus Entry,Explore New Adventures and get 7% Cashback,,Pokitpal,85
1067743,In-Store Offer,Revitaliser Package,Explore New Adventures and get 7% Cashback,,Pokitpal,85
1067744,In-Store Offer,Rock Climb And Abseil At Morialta,Explore New Adventures and get 7% Cashback,,Pokitpal,85
1067745,In-Store Offer,Rock Climb And Abseil At Onkaparinga,Explore New Adventures and get 7% Cashback,,Pokitpal,85
1067754,In-Store Offer,Rock Climb Zipline And Mega Swing Experience (Mount Lofty Adventure Hub),Explore New Adventures and get 7% Cashback,,Pokitpal,85
1067742,In-Store Offer,Rock Climbing,Explore New Adventures and get 7% Cashback,,Pokitpal,85
1067753,In-Store Offer,Rock Climbing And Challenge Ropes Experience (Southern Adventure Hub),Explore New Adventures and get 7% Cashback,,Pokitpal,85
1067749,In-Store Offer,Rotorua Attractions Super Pass,Explore New Adventures and get 7% Cashback,,Pokitpal,85
1067764,In-Store Offer,Rotorua: Big Kanu Starlight Glow Worm Tour,Explore New Adventures and get 7% Cashback,,Pokitpal,85
1059901,Home and Lifestyle,Recharge Your Skin Pack,Pay only $32; RRP $41.95,,Heysmed,85
1059929,Fashion,S - KOALA BLUE,Pay only $19; RRP $24.95,,Heysmed,85
1059935,Fashion,Platypus Hat S,Pay only $19; RRP $24.94,,Heysmed,85
1059936,Fashion,Turtle Hat L,Pay only $19; RRP $24.94,,Heysmed,85
1059938,Fashion,Turtle Hat S,Pay only $19; RRP $24.94,,Heysmed,85
1059939,Fashion,Wombat Hat L,Pay only $19; RRP $24.94,,Heysmed,85
1059940,Fashion,Wombat Hat S,Pay only $19; RRP $24.94,,Heysmed,85
1049351,Beauty,Live Well Essential Oil Diffuser,Save up to 15% on RRP,,Kappel,85
1049376,Beauty,Organics Hydrate Skin Care Pack,Save up to 15% on RRP,,Kappel,85
1049378,Beauty,Organics Balance Skin Care Pack,Save up to 15% on RRP,,Kappel,85
1050548,Technology,Ascend Rose Gold 4 Slice Toaster - White,Pay only $161.96; RRP $179.95,,Kappel,85
1050549,Technology,Ascend Rose Gold Traditional Pyramid Kettle - Black,Pay only $152.96 ; RRP $169.95,,Kappel,85
1050552,Technology,Ascend Rose Gold Kettle & Toaster Set -White,Pay only $314.96 ; RRP $349.95,,Kappel,85
1050597,Home and Lifestyle,Curly Decanter - Pink,Pay only $666.00; RRP $740.00,,Kappel,85
1050602,Home and Lifestyle,Black Tie Decanter,"Pay only $900.00; RRP $1,000.00",,Kappel,85
1050737,Home and Lifestyle,Drink Specific Glassware Rocks & Highball - Set of 8,Pay only $148.50 ; RRP $165.00,,Kappel,85
1050739,Home and Lifestyle,Drink Specific Glassware Highball - Set of 4,Pay only $99.00; RRP $110.00,,Kappel,85
1050741,Home and Lifestyle,Drink Specific Glassware Double Rocks - Set of 4,Pay only $99.00; RRP $110.00,,Kappel,85
1050742,Home and Lifestyle,Laudon Black Tumbler,Pay only $108.00; RRP $120.00,,Kappel,85
1050744,Home and Lifestyle,Laudon Dark Blue Tumbler,Pay only $108.00; RRP $120.00,,Kappel,85
1061154,Beauty,Nude Tilly Baguette Bag,Get this for only $34.99,,Kappel,85
1059756,Home and Lifestyle,Warmies Koala,Pay only $18; RRP $39.95,,Heysmed,85
1059805,Home and Lifestyle,Trigger Ball,Pay only $13; RRP $17.95,,Heysmed,85
1001960,Eat and Drink,Chefs of Tandoori  Malvern  SA,25% Discount,Terms  Conditions: Not valid in conjunction with any other offer. Not valid on Fridays and Saturdays. Not valid with any other offer or an in-house promotion.,Chefs of Tandoori,85
1015123,Automotive,Gabba Car Spa Cafe,Save 5% on your car wash and FREE Coffee!,Terms and Conditions: Not valid in conjunction with any other offer.,Gabba Car Spa Cafe,85
1009236,Automotive,Sprint Auto Parts,5% to 10% off most lines,,Autopro Parafield Gardens,85
1047617,Eat and Drink,Mr Consistent,10% Off,,Mr Consistent,85
1027863,Eat and Drink,The Signature Cafe GEORGE TOWN TAS,20% Discount,Dine-in only. Not in conjunction with any other offer,The Signature Cafe,85
1016380,Eat and Drink,Xpose Cafe Caulfield South  VIC,15% Discount,Terms and Conditions: Not valid in conjunction with any other offer.,Xpose Cafe,85
1034591,Home and Lifestyle,Innovations,Online Only Sale,Terms  Conditions:Not valid in conjunction with any other offer.,My Rewards Shopping,85
1008826,Beauty,Just Cuts  Chermside  Chermside  QLD,$2 Discount,Terms and Conditions may apply. Please refer to your member website for full details,Just Cuts - Chermside (Coupon),85
1008834,Beauty,Vals Barber Shop  Marsden  QLD,Great Savings!,Not valid in conjunction with any other offer.,Val's Barber Shop,85
1031222,Eat and Drink,"Lawley's Bakery Cafe - Shenton Park, WA",10% Discount,Not valid in conjunction with any other offer or special. Offer applies to member-only.,Lawley's Bakery Cafe - Shenton Park,85
1016468,Eat and Drink,Middleborough Latte Cafe Box Hill North VIC,Up to 15% Discount,"Not valid in conjunction with any other offer. Valid Sunday to Friday after 11 am. 15% = $50 and more, 10% = under $50 spend.",Middleborough Latte Cafe,85
1028997,Eat and Drink,Subway Canberra House  Canberra  ACT,Get any footlong for the price of a six inch with any drink purchase,Terms and Conditions: Not valid in conjunction with any other offer.,Subway Canberra House,85
801060,Automotive,AUTO TWO PTY LTD,10% Discount,,Auto Two Pty Ltd,85
800484,Home and Lifestyle,Bananacoast Power Tools  Coffs Harbour  NSW,10% Discount,Terms  Conditions: Not valid in conjunction with any other offer.,Bananacoast Power Tools,85
800563,Automotive,BROWN'S TYRE SERVICE,$5 off,Terms and conditions: Not valid in conjunction with any other offer.,BROWN'S TYRE SERVICE,85
1003408,Automotive,Bunbury Mitsubishi,10% Discount,,Bunbury Mitsubishi,85
800654,Automotive,BYRON ST AUTO ELECTRICS,10% Discount,Terms and conditions: Not valid in conjunction with any other offer.,Byron Street Auto Electrics,85
1008669,Automotive,Comet Batteries  Melbourne  VIC,10% Discount,Discount is subject to price points of products.,Comet Battery,85
800605,Automotive,COONA BEARINGS PTY LTD,10% Discount,,COONA BEARINGS PTY LTD,85
1009218,Automotive,David Nutter Ford,10% off service RRP,Terms and Conditions may apply. Please refer to your member website for full details,David Nutter Ford,85
800626,Automotive,DOM'S DIESEL,10% Discount,Terms and Conditions may apply. Please refer to your member website for full details,DOM'S DIESEL,85
1009237,Automotive,East-West Auto's,10% Discount,,East-West Auto's,85
1009219,Automotive,European Auto Imports,10% Discount,,European Auto Imports,85
1009249,Automotive,Geoffs Auto Spares,10% Discount,Terms and Conditions: Not valid in conjunction with any other offer. Does not include oil.,Geoffs Auto Spares,85
800961,Automotive,GOLD COAST MUFFLERS & AUTO SERVICES,10% Discount,Terms and Conditions: Not valid in conjunction with any other offer.,GOLD COAST MUFFLERS & AUTO SERVICES,85
1013206,Fashion,Grandisons,Save 10% Storewide,Terms and Conditions: Not valid in conjunction with any other offer.,GRANDISONS MEN'S & WOMEN'S WORKWEAR,85
1008697,Automotive,Ipswich Muffler & Mechanical,10% Discount,,Ipswich Muffler & Mechanical,85
1008696,Automotive,Kawana Auto Service,10% Discount,,Kawana Auto Service,85
800804,Automotive,KEITH MCKAY TYRE & MECHANICAL,10% Discount,,Keith Mckays Tyres and More,85
1002351,Automotive,M&T Tyre Centre,10% Discount,TERMS and CONDITIONS: Not valid in conjunction with any other offer.,M&T Tyre Centre,85
800577,Automotive,MAX ORMAN TOYOTA,10% Discount,,Max Orman Toyota,85
800492,Automotive,Mike Blewitt Ford,10% Discount,Terms  Conditions: Not valid in conjunction with any other offer.,Mike Blewitt Ford,85
1008675,Automotive,Northpine Auto Repair Centre,10% Discount,Not valid in conjunction with any other offer.,Northpine Auto Repair Centre,85
1008677,Automotive,O'Briens Garage,10% Discount,Not valid in conjunction with any other offer.,O'Briens Garage,85
1010835,Automotive,Out of Town 4WD  Barnsley  NSW,10% Discount,Terms and conditions: Not valid in conjunction with any other offer.,Out of Town 4WD,85
1033018,Automotive,Pine Ridge Mechanical,Pay just $99 for full lube service,Terms  Conditions: Not valid in conjunction with any other offer.,Pine Ridge Mechanical,85
1033075,Eat and Drink,Cakes By Judy C Ashgrove QLD,Buy 1 Get 1 Free,Terms  Conditions: Not valid in conjunction with any other offer.Must call on 07 3366 9111 to book 24 hours in advance.Valid from 9 am to 3 pm for booking on Monday to Friday and Saturdays from 9 am to 1 pm.,Cakes By Judy C,85
1000363,Travel,Adelaide Gaol Heritage Site  Thebarton  SA,Buy one self guided day tour and get one free,Not valid in conjunction with any other offer. Valid for self guided day tour only.,Department of Environment & Natural Resources (Adelaide Gaol),85
1033329,Home and Lifestyle,iGift Fruit Hampers  SYDNEY   NSW,Spend $99 or more and get FREE Shipping.,,iGift Fruit Hampers,85
1062023,Travel,GET UP TO 60% OFF TRAVEL NOW!,Get FREE Premium membership for 1 year!,,Tripbeat,85
1026814,Home and Lifestyle,Excellent Steam  Dry Cleaning Service  Box Hill  VIC,40% Discount,Not valid in conjunction with any other offer. Must have electric power and parking. Services will be done up to level 1 (if there is no lift) 40% off of carpet room or upholstery seats steam cleaning.,Excellent Steam & Dry Cleaning Service,85
1012111,Eat and Drink,KBRs Licensed Restaurant   Bargara  QLD,Kids eat for free,Not valid in conjunction with any other offer. Offer valid for a maximum of 2 children 12 years or under. Selection from our kid's menu.,KBR's Licensed Restaurant @ Kellys Beach Resort,85
1027879,Eat and Drink,Tasmanian Gourmet Sauce Co  EVANDALE  TAS,Receive a complimentary gift pack of our produce (value $17.50) with all purchases of $30.00 or greater.,For up to 6 people. Not valid in conjunction with any other offer.,Tasmanian Gourmet Sauce Co.,85
1015182,Travel,Amora Hotel Riverwalk  Richmond  VIC,Get 10% off the best available rate,Terms and Conditions: Receive 50% off the rack rate. Not valid in conjunction with any other offer.,Amora Hotel Riverwalk Melbourne - Accommodation,85
1043364,Entertainment,Experience the best of Theme Parks  Surfers Paradise  QLD,Great Theme Park Deals,,Experience Oz + NZ,85
1047665,Beauty,iSubscribe,10% Off,,iSubscribe,85
1050576,Automotive,Jayride,8% Discount,,Jayride Group Ltd,85
1059257,Beauty,MyRewards x Vegepod,10% off entire range,,vegepod,85
1043489,Eat and Drink,Ca Phe Nam West End QLD,15% off,,Ca Phe Nam,85
1023386,Eat and Drink,Cafe Kai Kai Surfers Paradise  Surfers Paradise  QLD,15% Discount,Terms and Conditions: Not valid in conjunction with any other offer. Offer valid after 9 am daily. Cash only.,Cafe Kai Kai,85
1024157,Eat and Drink,Cafe Saffron  Ivanhoe  VIC,15% Discount,Terms and Conditions: Not valid in conjunction with any other offer or special.,Cafe Saffron,85
1027873,Eat and Drink,Frogs Bakery Cafe DELORAINE TAS,15% Discount,Dine-in or takeaway - for up to 6 people. Not valid in conjunction with any other offer,Frogs Bakery Cafe,85
1068250,In-Store Offer,Wine Direct,Get $20 Cashback when you spend $150,,Pokitpal,85
1002750,Beauty,Skin Review  South Perth  WA,Free Massage*,TERMS and CONDITIONS: Not valid in conjunction with any other offer.,Skin Review Ella Baché,85
1002458,Eat and Drink,Princes Restaurant  Dandenong  VIC,Buy one get one free.,Terms and Conditions may apply. Please refer to your member website for full details.,Princes Restaurant,85
1002905,Eat and Drink,Noodle Cuisine  Swan Hill  VIC,Free can of drink,Terms and Conditions: Not valid in conjunction with any other offer.,Noodle Cuisine Bar,85
1067630,In-Store Offer,2XU,5% Cashback on All Purchases,,Pokitpal,85
1068353,In-Store Offer,Jurlique Online,5% Cashback on All Purchases,,Pokitpal,85
1068359,In-Store Offer,La Mer,5% Cashback on All Purchases,,Pokitpal,85
1068366,In-Store Offer,LOccitane,5% Cashback on All Purchases,,Pokitpal,85
1068407,In-Store Offer,ResMed,5% Cashback on All Purchases,,Pokitpal,85
1068239,In-Store Offer,Tony Bianco Instore,5% Cashback on All Purchases,,Pokitpal,85
1068240,In-Store Offer,Tony Bianco Online,5% Cashback on All Purchases,,Pokitpal,85
1068390,In-Store Offer,OZtrail,3% Cashback on All Purchases,,Pokitpal,85
1068408,In-Store Offer,Roborock Online,3% Cashback on All Purchases,,Pokitpal,85
1068397,In-Store Offer,Rapid Tune Ferntree Gully Instore,$28 Cashback on Purchases with $150 minimum spend,,Pokitpal,85
1068344,In-Store Offer,Jetpac,10% Cashback on All Online Purchases,,Pokitpal,85
1068393,In-Store Offer,Oaks Hotels,4% Cashback on Accommodation Bookings,,Pokitpal,85
1067636,In-Store Offer,Ally Fashion,5% Cashback on All Purchases,,Pokitpal,85
1068433,In-Store Offer,Aveda,5% Cashback on All Purchases,,Pokitpal,85
1068443,In-Store Offer,Bardot,5% Cashback on All Purchases,,Pokitpal,85
1068449,In-Store Offer,Bobbi Brown,5% Cashback on All Purchases,,Pokitpal,85
1068405,In-Store Offer,Review Instore,5% Cashback on All Purchases,,Pokitpal,85
1068246,In-Store Offer,White Fox Boutique,5% Cashback on All Purchases,,Pokitpal,85
1067635,In-Store Offer,Ancestry Online,Uncover your heritage and get 5% Cashback,,Pokitpal,85
1068381,In-Store Offer,New Era,5% Cashback on All Purchases,,Pokitpal,85
1044434,Fashion,Champion,Get 4% cashback,,Cashback Offers AU,85
1050895,Fashion,Mizuno,Get 4% Cashback,,Cashback Offers AU,85
1047579,Fashion,Under Armour,Get 6% Cashback,,Cashback Offers AU,85
1050817,Fashion,Wrangler,Get 4% Cashback,,Cashback Offers AU,85
1047852,Fashion,Speedo AU,Get 2% Cashback,,FlexOffers,85
1047224,Fashion,General Pants,Cashback 6%,,Cashback Offers AU,85
1047639,Home and Lifestyle,Shaver Shop,Get 5% Cashback,,Shaver Shop,85
1059906,Fashion,The North Face,Get 4% Cashback,,Cashback Offers AU,85
1047310,Eat and Drink,Virgin Wines (AU),Get 10% Cashback,,Cashback Offers AU,85
1050768,Automotive,CarHistory,Get 11% Cashback,,Cashback Offers AU,85
1050807,Fashion,Helly Hansen Australia,Get 7% Cashback,,Cashback Offers AU,85
1047249,Technology,LightsupOnline AU,Get 10% Cashback,,Cashback Offers AU,85
1047221,Fashion,Forever New Clothing Pty Ltd,Up to 8% Cashback,,Cashback Offers AU,85
1064999,Fashion,Rebel eGift Card,Get 4% Discount,,True Rewards - Standard,85
1066616,Technology,Apple eGift Card,Get 4% Discount,,True Rewards - Standard,85
1064995,Technology,The Good Guys eGift Card,Get 4% Discount,,True Rewards - Standard,85
1065006,Home and Lifestyle,BCF eGift Card,Get 4% Discount,,True Rewards - Standard,85
1067751,In-Store Offer,Rotorua Forest Zipline Canopy Tour,Explore New Adventures and get 7% Cashback,,Pokitpal,100
1067752,In-Store Offer,Rotorua Forest Zipline Tier 2 Canopy Tour,Explore New Adventures and get 7% Cashback,,Pokitpal,100
1067750,In-Store Offer,Rotorua Multi Choice Attraction Pass,Explore New Adventures and get 7% Cashback,,Pokitpal,100
1067763,In-Store Offer,Ruby Island Cruise and Photo Walk,Explore New Adventures and get 7% Cashback,,Pokitpal,100
1067762,In-Store Offer,Scenic Flight Of Mt Cook From Wanaka,Explore New Adventures and get 7% Cashback,,Pokitpal,100
1067757,In-Store Offer,Scenic Helicopter Flight over Perth City,Explore New Adventures and get 7% Cashback,,Pokitpal,100
1067761,In-Store Offer,Scenic Lake Mclaren Kayak Tour,Explore New Adventures and get 7% Cashback,,Pokitpal,100
1067755,In-Store Offer,Scuba Diving Mornington Peninsula with Weedy Sea Dragons,Explore New Adventures and get 7% Cashback,,Pokitpal,100
1067756,In-Store Offer,Seahorse World Guided Tour,Explore New Adventures and get 7% Cashback,,Pokitpal,100
1067759,In-Store Offer,Seal and Penguin Islands Sea Kayak,Explore New Adventures and get 7% Cashback,,Pokitpal,100
1067766,In-Store Offer,Seduction of Pinot Noir - The Heartbreak Grape & Seasonal Platter Package,Explore New Adventures and get 7% Cashback,,Pokitpal,100
1067758,In-Store Offer,Segway Adventure Tours,Explore New Adventures and get 7% Cashback,,Pokitpal,100
1067760,In-Store Offer,Segway Sunset and Boardwalk Tour including Dinner,Explore New Adventures and get 7% Cashback,,Pokitpal,100
1067765,In-Store Offer,Self Guided Riversleigh Fossil Discovery Tour,Explore New Adventures and get 7% Cashback,,Pokitpal,100
1067768,In-Store Offer,Shockwave Zipcoaster,Explore New Adventures and get 7% Cashback,,Pokitpal,100
1067767,In-Store Offer,Short Circuit High Ropes Course,Explore New Adventures and get 7% Cashback,,Pokitpal,100
1067778,In-Store Offer,Shrine of Remembrance Tour,Explore New Adventures and get 7% Cashback,,Pokitpal,100
1067780,In-Store Offer,Signature Hunter Valley Wine-Tasting Departing Hunter Valley,Explore New Adventures and get 7% Cashback,,Pokitpal,100
1067781,In-Store Offer,Signature Hunter Valley Wine-Tasting Departing Sydney,Explore New Adventures and get 7% Cashback,,Pokitpal,100
1067775,In-Store Offer,Sirromet Winery Tour - Regional Taste Discovery,Explore New Adventures and get 7% Cashback,,Pokitpal,100
1067773,In-Store Offer,Sirromet Winery Tour - Tuscan Tour & Taste (Friday - Sunday),Explore New Adventures and get 7% Cashback,,Pokitpal,100
1067774,In-Store Offer,Sirromet Winery Tour - Tuscan Tour & Taste (Mon-Thurs),Explore New Adventures and get 7% Cashback,,Pokitpal,100
1067776,In-Store Offer,"Skydive Abel Tasman 10,000ft",Explore New Adventures and get 7% Cashback,,Pokitpal,100
1067777,In-Store Offer,"Skydive Abel Tasman 13,000ft",Explore New Adventures and get 7% Cashback,,Pokitpal,100
1067772,In-Store Offer,"Skydive Abel Tasman 16,500ft",Explore New Adventures and get 7% Cashback,,Pokitpal,100
1067779,In-Store Offer,"Skydive Abel Tasman 18,000ft",Explore New Adventures and get 7% Cashback,,Pokitpal,100
1067782,In-Store Offer,"Skydive Auckland - 13,000ft Skydive",Explore New Adventures and get 7% Cashback,,Pokitpal,100
1067783,In-Store Offer,"Skydive Auckland - 16,000ft Skydive",Explore New Adventures and get 7% Cashback,,Pokitpal,100
1067784,In-Store Offer,"Skydive Auckland - 18,000ft Skydive",Explore New Adventures and get 7% Cashback,,Pokitpal,100
1067771,In-Store Offer,Skyline Gondola Te Puia and Polynesian Spa Pass,Explore New Adventures and get 7% Cashback,,Pokitpal,100
1067788,In-Store Offer,SkyPoint Day Climb,Explore New Adventures and get 7% Cashback,,Pokitpal,100
1067787,In-Store Offer,SkyPoint Observation Deck 1 Day Entry Ticket,Explore New Adventures and get 7% Cashback,,Pokitpal,100
1067785,In-Store Offer,Small Group Whale Watching Tour from Mooloolaba,Explore New Adventures and get 7% Cashback,,Pokitpal,100
1067786,In-Store Offer,Sorrento Sightseeing Cruise With Dolphin And Seal Swim,Explore New Adventures and get 7% Cashback,,Pokitpal,100
1067800,In-Store Offer,Sorrento Waterbike Tour,Explore New Adventures and get 7% Cashback,,Pokitpal,100
1067790,In-Store Offer,South Coast Canyoning - Rainforest Canyon,Explore New Adventures and get 7% Cashback,,Pokitpal,100
1067795,In-Store Offer,Southern Blend Kayak and Walk Afternoon Tour,Explore New Adventures and get 7% Cashback,,Pokitpal,100
1067794,In-Store Offer,Southern Blend Kayak and Walk Morning Tour,Explore New Adventures and get 7% Cashback,,Pokitpal,100
1067796,In-Store Offer,Southern Blend Kayak and Water Taxi,Explore New Adventures and get 7% Cashback,,Pokitpal,100
1067789,In-Store Offer,Southern Glacier Experience,Explore New Adventures and get 7% Cashback,,Pokitpal,100
1067799,In-Store Offer,Sparkling Brunch for Two,Explore New Adventures and get 7% Cashback,,Pokitpal,100
1067798,In-Store Offer,Sparkling Masterclass Wine Tour With Three Course Lunch,Explore New Adventures and get 7% Cashback,,Pokitpal,100
1067791,In-Store Offer,Spirits of the Red Sand Evening Theatre Show and Dinner Experience,Explore New Adventures and get 7% Cashback,,Pokitpal,100
1067797,In-Store Offer,Sporties Mini Golf,Explore New Adventures and get 7% Cashback,,Pokitpal,100
1067793,In-Store Offer,St Hugo and Riedel Masterclass with 3 course Lunch & Wine,Explore New Adventures and get 7% Cashback,,Pokitpal,100
1067792,In-Store Offer,St Hugo Garden to Table Experience,Explore New Adventures and get 7% Cashback,,Pokitpal,100
1067804,In-Store Offer,Stand Up Paddle Board Lesson,Explore New Adventures and get 7% Cashback,,Pokitpal,100
1067805,In-Store Offer,Stand Up Paddle Boarding Byron Bay,Explore New Adventures and get 7% Cashback,,Pokitpal,100
1067807,In-Store Offer,Stevensons Island Cruise and Nature Walk,Explore New Adventures and get 7% Cashback,,Pokitpal,100
1067802,In-Store Offer,Sunrise Balloon Flight with Barossa Breakfast,Explore New Adventures and get 7% Cashback,,Pokitpal,100
1067803,In-Store Offer,Sunshine Coast Paintball,Explore New Adventures and get 7% Cashback,,Pokitpal,100
1067808,In-Store Offer,Super Circuit High Ropes Course,Explore New Adventures and get 7% Cashback,,Pokitpal,100
1067806,In-Store Offer,Surfers Paradise Jet Boat and Helicopter Package,Explore New Adventures and get 7% Cashback,,Pokitpal,100
1067801,In-Store Offer,Surfers Paradise Scenic Helicopter Flight,Explore New Adventures and get 7% Cashback,,Pokitpal,100
1067811,In-Store Offer,Surfers Paradise Sunset Kayaking Tour,Explore New Adventures and get 7% Cashback,,Pokitpal,100
1067812,In-Store Offer,Surfers Paradise Surfing Lessons,Explore New Adventures and get 7% Cashback,,Pokitpal,100
1067809,In-Store Offer,Surfers Paradise Tier 2 Jetboat Ride,Explore New Adventures and get 7% Cashback,,Pokitpal,100
1067816,In-Store Offer,Surfers Paradise Virtual Reality Gaming,Explore New Adventures and get 7% Cashback,,Pokitpal,100
1067818,In-Store Offer,Sustainable Farm Tour and Lunch,Explore New Adventures and get 7% Cashback,,Pokitpal,100
1067810,In-Store Offer,Swan Valley Afternoon Coach Tour,Explore New Adventures and get 7% Cashback,,Pokitpal,100
1067813,In-Store Offer,Swim with the Whales Tour from Mooloolaba,Explore New Adventures and get 7% Cashback,,Pokitpal,100
1067817,In-Store Offer,Sydney 2.5 Hour Whale Watching Adventure Cruise,Explore New Adventures and get 7% Cashback,,Pokitpal,100
1067815,In-Store Offer,Sydney 2 Hour Whale Watching Express Cruise,Explore New Adventures and get 7% Cashback,,Pokitpal,100
1067814,In-Store Offer,Sydney 3 Hour Whale Watching Discovery Cruise,Explore New Adventures and get 7% Cashback,,Pokitpal,100
1067826,In-Store Offer,Sydney Attractions Pass - 2 Attractions,Explore New Adventures and get 7% Cashback,,Pokitpal,100
1067821,In-Store Offer,Sydney Attractions Pass - 3 Attractions,Explore New Adventures and get 7% Cashback,,Pokitpal,100
1067822,In-Store Offer,Sydney Attractions Pass - 4 Attractions,Explore New Adventures and get 7% Cashback,,Pokitpal,100
1067827,In-Store Offer,Sydney Harbour Hopper 24hr and 48hr Passes,Explore New Adventures and get 7% Cashback,,Pokitpal,100
1067828,In-Store Offer,Sydney Harbour Hopper Sightseeing Cruise,Explore New Adventures and get 7% Cashback,,Pokitpal,100
1067820,In-Store Offer,Sydney Harbour Jet Boat Ride,Explore New Adventures and get 7% Cashback,,Pokitpal,100
1067823,In-Store Offer,Sydney Night Magic Show with Bruce Glen,Explore New Adventures and get 7% Cashback,,Pokitpal,100
1067819,In-Store Offer,"Sydney Skydiving (from Picton) - 14,000ft",Explore New Adventures and get 7% Cashback,,Pokitpal,100
1067824,In-Store Offer,Sydney Virtual Reality Escape Room,Explore New Adventures and get 7% Cashback,,Pokitpal,100
1067825,In-Store Offer,"Sydney Wollongong Tandem Skydive up to 15,000ft",Explore New Adventures and get 7% Cashback,,Pokitpal,100
1067703,In-Store Offer,Tamborine Mountain Hop On Hop Off Shuttle,Explore New Adventures and get 7% Cashback,,Pokitpal,100
1067700,In-Store Offer,Tamborine Mountain Rainforest Skywalk Tickets,Explore New Adventures and get 7% Cashback,,Pokitpal,100
1067829,In-Store Offer,Tangalooma Day Trip with Activities,Explore New Adventures and get 7% Cashback,,Pokitpal,100
1067705,In-Store Offer,Taronga Zoo and Sydney Harbour Hopper Pass,Explore New Adventures and get 7% Cashback,,Pokitpal,100
1067704,In-Store Offer,Taronga Zoo Entry with Return Ferry,Explore New Adventures and get 7% Cashback,,Pokitpal,100
1067701,In-Store Offer,Tasmanian Wilderness Day Tour with Scenic Flights from Hobart,Explore New Adventures and get 7% Cashback,,Pokitpal,100
1067702,In-Store Offer,Tauranga: Big Kanu Evening Glow Worm Tour,Explore New Adventures and get 7% Cashback,,Pokitpal,100
1067706,In-Store Offer,Te Anau Glowworm Caves Tour,Explore New Adventures and get 7% Cashback,,Pokitpal,100
1067707,In-Store Offer,Te Pa Tu Cultural Experience with 3 Course Dinner,Explore New Adventures and get 7% Cashback,,Pokitpal,100
1067718,In-Store Offer,Te Ra Guided Experience,Explore New Adventures and get 7% Cashback,,Pokitpal,100
1067685,In-Store Offer,Tier 2 Formation Combat Air to Air Mission Against a Friend,Explore New Adventures and get 7% Cashback,,Pokitpal,100
1067682,In-Store Offer,Tier 2 Maggie Beers Farm Shop Experience,Explore New Adventures and get 7% Cashback,,Pokitpal,100
1067684,In-Store Offer,Tier 2 Off Roader,Explore New Adventures and get 7% Cashback,,Pokitpal,100
1067678,In-Store Offer,Tully River Full Day White Water Rafting Adventure with Dinner,Explore New Adventures and get 7% Cashback,,Pokitpal,100
1067679,In-Store Offer,Tully River Full Day White Water Rafting Adventure with Lunch,Explore New Adventures and get 7% Cashback,,Pokitpal,100
1067681,In-Store Offer,Twilight Kayak Experience,Explore New Adventures and get 7% Cashback,,Pokitpal,100
1067683,In-Store Offer,Two Hour Outback Show Experience,Explore New Adventures and get 7% Cashback,,Pokitpal,100
1067669,In-Store Offer,Uluru Express Camel Tours,Explore New Adventures and get 7% Cashback,,Pokitpal,100
1067680,In-Store Offer,Uluru Sunrise Camel Ride Tour,Explore New Adventures and get 7% Cashback,,Pokitpal,100
1067688,In-Store Offer,Uluru Sunset Camel Ride Tour,Explore New Adventures and get 7% Cashback,,Pokitpal,100
1067692,In-Store Offer,Vasse Felix Cellar Experience in Margaret River with Lunch,Explore New Adventures and get 7% Cashback,,Pokitpal,100
1067694,In-Store Offer,Vasse Felix Epicurean Tour in Margaret River with Lunch,Explore New Adventures and get 7% Cashback,,Pokitpal,100
1067696,In-Store Offer,Vegetarian Cooking Class,Explore New Adventures and get 7% Cashback,,Pokitpal,100
1067686,In-Store Offer,Velocity Valley Activity Packages,Explore New Adventures and get 7% Cashback,,Pokitpal,100
1067691,In-Store Offer,Via Ferrata Highest Experience including Heli Flight,Explore New Adventures and get 7% Cashback,,Pokitpal,100
1067689,In-Store Offer,Vichy Massage,Explore New Adventures and get 7% Cashback,,Pokitpal,100
1059826,Fashion,S - BROAD BRIM HAT -  KHAKI (SMALL),Pay only $25; RRP $34.95,,Heysmed,100
1059908,Fashion,S - BROAD BRIM HAT -  SAND (SMALL),Pay only $25; RRP $34.95,,Heysmed,100
1059951,Fashion,Platypus Rashie- Size 1,Pay only $29.73; RRP $39.95,,Heysmed,100
1059952,Fashion,Platypus Rashie- Size 2,Pay only $29.73; RRP $39.95,,Heysmed,100
1059953,Fashion,Platypus Rashie- Size 4,Pay only $29.73; RRP $39.95,,Heysmed,100
1059954,Fashion,Platypus Rashie- Size 6,Pay only $29.73; RRP $39.95,,Heysmed,100
1059955,Fashion,Platypus Rashie- Size 8,Pay only $29.73; RRP $39.95,,Heysmed,100
1059812,Fashion,Kids Reversible Wide Brim Hat Outback,Pay only $19; RRP $24.94,,Heysmed,100
1059844,Fashion,Kids Microfibre Reversible Floral Ponytail,Pay only $19; RRP $24.94,,Heysmed,100
1059846,Fashion,L - PINK - GIRLS REVERS - (LARGE),Pay only $19; RRP $24.94,,Heysmed,100
1059930,Fashion,L - SAND - BROADBRIM - (LARGE),Pay only $19; RRP $24.94,,Heysmed,100
1059931,Fashion,L - KOALA LILAC,Pay only $19; RRP $24.94,,Heysmed,100
1059932,Fashion,Kids Broad Brimmed Hats Navy Large,Pay only $19; RRP $24.94,,Heysmed,100
1059933,Fashion,Kids Broad Brimmed Hats Navy Small,Pay only $19; RRP $24.94,,Heysmed,100
1059934,Fashion,L- PLATYPUS,Pay only $19; RRP $24.94,,Heysmed,100
1059943,Fashion,Koala Blue Rashie - Size 4,Pay only $30; RRP $39.95,,Heysmed,100
1059944,Fashion,Koala Blue Rashie - Size 6,Pay only $30; RRP $39.95,,Heysmed,100
1059946,Fashion,Koala Blue Rashie - Size 8,Pay only $30; RRP $39.95,,Heysmed,100
1059947,Fashion,Koala Blue Rashie - Size 1,Pay only $30; RRP $39.95,,Heysmed,100
1059949,Fashion,Koala Blue Rashie - Size 2,Pay only $30; RRP $39.95,,Heysmed,100
1059950,Fashion,Koala Lilac Rashie- Size 1,Pay only $30; RRP $39.95,,Heysmed,100
1059814,Fashion,Kids Floral Cap,Pay only $17; RRP $22.95,,Heysmed,100
1059823,Fashion,L - BROAD BRIM HAT - KHAKI (LARGE),Pay only $25; RRP $34.95,,Heysmed,100
1059825,Fashion,L - BROAD BRIM HAT - SAND (LARGE),Pay only $25; RRP $34.95,,Heysmed,100
1059857,Fashion,L - BLUE WAVE - Microfibre Bucket Hat (LARGE),Pay only $17; RRP $22.95,,Heysmed,100
1059859,Fashion,L -  STAR - BUCKET HAT - (LARGE),Pay only $17; RRP $22.95,,Heysmed,100
1059867,Fashion,Camo Legionnaires – Black Forest Large,Pay only $17; RRP $22.95,,Heysmed,100
1059868,Fashion,Camo Legionnaires – Geo Large,Pay only $17; RRP $22.95,,Heysmed,100
1059870,Fashion,Camo Legionnaires – Star Print Large,Pay only $17; RRP $22.95,,Heysmed,100
1059909,Fashion,ADULT BROAD BRIM  - FLAP (ONE SIZE),Pay only $25; RRP $34.95,,Heysmed,100
1059911,Fashion,Koala Blue Hat L,Pay only $18; RRP $24.94,,Heysmed,100
1059937,Fashion,Koala Lilac Rashie- Size 2,Pay only $29.73; RRP $39.95,,Heysmed,100
1059941,Fashion,Koala Lilac Rashie- Size 4,Pay only $29.73; RRP $39.95,,Heysmed,100
1059945,Fashion,Koala Lilac Rashie- Size 6,Pay only $29.73; RRP $39.95,,Heysmed,100
1059948,Fashion,Koala Lilac Rashie- Size 8,Pay only $29.73; RRP $39.95,,Heysmed,100
1002827,Eat and Drink,The Sultans Table  Enmore  NSW,Free can of soft drink,Terms and Conditions: Not valid in conjunction with any other offer.,The Sultan's Table,100
1010321,Fashion,Sportfirst - Mowbray,10% Discount,"Terms and conditions: Excluding sale items, specials, laybys, accounts and approvals. Not valid in conjunction with any other offer.",SportFirst Fitness,100
1009563,Eat and Drink,Subway Mooroolbark  Mooroolbark  VIC,Up to 20% Discount,Terms and Conditions may apply. Please refer to your member website for full details.,Subway Mooroolbark,100
1009159,Automotive,Jackmans Garage,15% Discount,Terms and Conditions may apply. Please refer to your member website for full details,Jackmans Garage,100
1014992,Travel,Pacific International Taekwondo  Everton Park  QLD,2 Free Classes,2 free try-out classes and a free uniform on joining. See the website for more information including a list of locations and costs.,Pacific International Taekwondo,100
29743,Home and Lifestyle,Value Garage Doors  Menai  NSW,Buy 1 Get 1 Free,Terms  Conditions:Not valid in conjunction with any other offer.,Value Garage Doors,100
1047568,Eat and Drink,Macro Mike,10% Off,,Macro Mike,100
1013165,Financial Services,Computer Troubleshooters Home Computer Support Services  Northbridge  NSW,10% Discount,"10% discount is on home services only, excludes parts, software and hardware. Valid at participating locations only. Not valid for use with any other special offers.",Computer Troubleshooters,100
1009547,Home and Lifestyle,Michaels MELBOURNE VIC,Get 10% Discount,Terms and Conditions may apply. Please refer to your member website for full details,"Michaels Camera, Video & Digital",100
1031117,Travel,Crocosaurus Cove  Darwin City  NT,Get 20% Discount,Terms  Conditions:Not valid in conjunction with any other offer.,Crocosaurus Cove,100
1047835,Beauty,Made by Fressko,15% Off,,day2dayrewards,100
1009157,Automotive,Auto One - Cooee,10% Discount,Terms and Conditions may apply. Please refer to your member website for full details,Auto One Burnie,100
1015888,Travel,Dural Golf Driving Range  Buy 1 Get 1 Free  Dural  NSW,Buy 1 Get 1 Free,Not valid in conjunction with any other offer.,Dural Golf Driving Range,100
1015889,Travel,Dural Golf Driving Range  Free Golf Bag  Dural  NSW,FREE Golf Bag,Not valid in conjunction with any other offer.,Dural Golf Driving Range,100
1000447,Eat and Drink,Unanderra Family Pizza Restaurant  Unanderra  NSW,Free Garlic Bread,Terms  Conditions: Not valid in conjunction with any other offer.,D'amato's Family Restaurant,100
1031226,Eat and Drink,Kalahari Wanneroo WA,Complimentary Upgrade,Not valid in conjunction with any other offer or special.,Kalahari Wanneroo,100
1008544,Home and Lifestyle,Jacksons Drawing Supplies  Subiaco  WA,10% Discount,"Terms and Conditions may apply. Offer not valid in conjunction with any other offer, specials, and net items.",Jacksons Drawing Supplies,100
1066542,Entertainment,Village Cinemas Premium (VMAX) Standard,Save up to $6.70,,Choovie,100
1000092,Automotive,Midland Towbars,5% Discount,,Midland Towbars | Towbars & Trailer Parts,100
29792,Eat and Drink,The Spice Kitchen Leabrook  SA,Buy 1 Get 1 Free,Terms  Conditions: Not valid in conjunction with any other offer. Offer not valid on Saturday nights.,The Spice Kitchen,100
1031212,Eat and Drink,Wow Kebabs Bakery Mandurah  WA,Complimentary chips,Not valid in conjunction with any other offer.,Wow Kebabs & Bakery,100
1016136,Home and Lifestyle,ABC Seamless  Auburn  NSW,FREE Leafguard Special,"Not valid in conjunction with any other offer. Aluminium-free gutter offer, corners, and downpipes additional.",ABC Seamless Guttering,100
800046,Home and Lifestyle,Merrylands Floor Coverings  Villawood  NSW,Free overlocking of carpets off cuts with every house carpeted,Terms  Conditions: Not valid in conjunction with any other offer.,Merrylands Floor Coverings,100
1050180,Eat and Drink,First Table,50% off your food bill at select restaurants,,First Table,100
1047564,Beauty,Happy Way,10% Off of selected products,,Happy Way,100
1030179,Home and Lifestyle,Houspect Building Inspections  Payneham  SA,,Terms andamp; Conditions: Discount must be redeemed at time of booking. Not valid in conjunction with any other offer or discount. Offer subject to cost of inspection only.,Houspect Building Inspections Adelaide,100
1010815,Home and Lifestyle,Houspect WA  Perth  WA,10% Discount,Terms and conditions: Not valid in conjunction with any other offer.,Houspect WA,100
1015576,Eat and Drink,Beecroft Kitchen  Free Delivery  Beecroft  NSW,Free Delivery,Terms and Conditions: Not valid in conjunction with any other offer. Delivery is free within a 5km radius of the business.,Beecroft Kitchen,100
1031329,Eat and Drink,Chalisa Restaurant  Greenway   ACT,Enjoy 1 FREE Entree,Not valid in conjunction with any other offer or promotion.,Chalisa Restaurant,100
1032751,Eat and Drink,Golden Grill Melbourne VIC,Complimentary Dessert,Terms  Conditions: Not valid in conjunction with any other offer.,Golden Grill Turkish Restaurant,100
1047550,Eat and Drink,Gourmeal,Buy one get one free individual meals.,,Gourmeal,100
1002798,Eat and Drink,Granville Sofra Granville NSW,Buy any kebab roll and get any 375ml can drink FREE,Terms and Conditions: Not valid in conjunction with any other offer and only for TAFE students. Students must present their student cards.,Granville Sofra Kebab,100
1008358,Automotive,Tuggerah Lakes Batteries,Free delivery & 5% Discount,Terms and Conditions: Not valid in conjunction with any other offer.,Tuggerah Lakes Batteries,100
1025778,Home and Lifestyle,Canvas Factory,70% Off Storewide,Terms andamp; Conditions: Offer excludes wholesale and specials category items. Not valid in conjunction with any other offer.,Canvas Factory,100
1068415,In-Store Offer,Sennheiser,5% Cashback on All Purchases,,Pokitpal,100
1047544,Eat and Drink,Craft Cartel,Spend $75 and receive $15 off.,,Craft Cartel,100
1008479,Home and Lifestyle,Garlicks Hardware  Building Supplies  MUSWELLBROOK  NSW,Get 10% Discount,Not valid in conjunction with any other offer.,Garlicks Hardware & Building Supplies,100
1032749,Eat and Drink,Hoppers Kebab House Melbourne VIC,,Terms  Conditions: Not valid in conjunction with any other offer.,Hoppers Kebab House,100
1002908,Eat and Drink,Kebab King  Albany  WA,Free can of drink,TERMS and CONDITIONS: Not valid in conjunction with any other offer.The merchant does not accept web-based coupons. Original coupon in membership book only.,Kebab King,100
1068355,In-Store Offer,Kora Organics,Up to 10% Cashback on All Purchases,,Pokitpal,100
1037899,Technology,Kleenmaid  Alexandria  NSW,Get 20% discount,,Compass Capital Services Pty Ltd (Kleenmaid),100
1009654,Automotive,Battery Wholesalers,5% Discount,,Battery Wholesalers,100
1002777,Automotive,QUICK FIT TYRE SERVICE TOWNSVILLE,Free wheel alignment,Terms and conditions: Not valid in conjunction with any other offer.,Quick Fit Tyre Service Townsville,100
29907,Travel,Laserforce  Woolloongabba  QLD,Buy 1 Get 1 Free,Terms  Conditions: Not valid in conjunction with any other offer. Voucher valid for 1 person.Valid for one Laserforce game when the second one of equal or greater value is purchased. Bookings are essential.,Laserforce,100
1047547,Eat and Drink,The Wine Collective,50% off selected wines,,The Wine Collective,100
801083,Automotive,QUICK FIT TYRE SERVICE MAROOCHYDORE,Member only offer.,Terms and conditions: Not valid in conjunction with any other offer.,JAX Tyres & Auto Maroochydore,100
800852,Automotive,QUICK FIT TYRE SERVICE YEERONGPILLY,Member only offer.,Terms and conditions: Not valid conjunction with any other offer.,JAX Tyres Yeerongpilly,100
1031215,Eat and Drink,Gelare All Natural Icecream  Subiaco  WA,20% Discount,Not valid in conjunction with any other offer. Discount applies to waffles and smoothies only.,Geláre All Natural Icecream,100
1027450,Eat and Drink,Bella Vita Cafe Potts Point  NSW,Free Upgrade,Not valid in conjunction with any other offer.,bella vita,100
1068430,In-Store Offer,The North Face,5% Cashback on All Purchases,,Pokitpal,100
800060,Home and Lifestyle,Cartridge World  Parramatta  NSW,10% Discount,Terms  Conditions: Not valid in conjunction with any other offer.,Cartridge World,100
1029012,Home and Lifestyle,Fox Mowing and Gardening  Flagstaff Hill  SA,$10 Off,Terms and Conditions: Not valid in conjunction with any other offer.,Fox Mowing and Gardening,100
1047559,Eat and Drink,Get Wines Direct,10% Off,,Get Wines Direct,100
1068348,In-Store Offer,Pablo & Rustys Sydney CBD,Up to 10% Cashback,,Pokitpal,100
1029009,Eat and Drink,Orange Bean Cafe Belconnen ACT,Buy a regular coffee and receive a free upgrade,Terms and Conditions: Not valid in conjunction with any other offer.,Orange Bean Cafe,100
1002900,Eat and Drink,Petracs Bakehouse Mildura VIC,Free can of drink,Terms and conditions: Not valid in conjunction with any other offer.,Petrac's Bakehouse,100
1027456,Eat and Drink,Subway  Prospect  Prospect  SA,Free Upgrade,Not valid in conjunction with any other offer.,Subway - Prospect,100
1003180,Travel,Majestic Cinemas  Nambucca Heads  NSW,Free Coffee,Terms and Conditions: 1)excludes Movie Club and other already discounted tickets.2)Valid on the day of purchase only.3) Limit one per customer.4) Not valid in conjunction with any other offer.,Majestic Cinemas,100
1068332,In-Store Offer,Go-to Skincare,7% Cashback on All Purchases,,Pokitpal,100
1068143,In-Store Offer,LSKD,Get 7% Cashback when you spend $150,,Pokitpal,100
1068499,In-Store Offer,General Pants Instore,5% Cashback on All Purchases,,Pokitpal,100
1068416,In-Store Offer,Samsonite,4% Cashback on All Purchases,,Pokitpal,100
1068414,In-Store Offer,Sheridan,5% Cashback on All Purchases,,Pokitpal,100
1008708,Financial Services,McInnes Wilson Lawyers,30 minutes free consult,Terms and Conditions may apply. Please refer to your member website for full details,McInnes Wilson Lawyers Brisbane,100
1068484,In-Store Offer,East Coast Car Rentals Instore,8% Cashback on All Purchases,,Pokitpal,100
1068485,In-Store Offer,East Coast Car Rentals Online,8% Cashback on All Purchases,,Pokitpal,100
1068448,In-Store Offer,Bras N Things Online,5% Cashback on All Purchases,,Pokitpal,100
1068474,In-Store Offer,Clinique,5% Cashback on All Purchases,,Pokitpal,100
1068489,In-Store Offer,Estee Lauder,5% Cashback on All Purchases,,Pokitpal,100
1068491,In-Store Offer,Forever New Instore,5% Cashback on All Purchases,,Pokitpal,100
1068371,In-Store Offer,MAC Cosmetics,5% Cashback on All Purchases,,Pokitpal,100
1010422,Eat and Drink,Quists Coffee Melbourne VIC,10% Discount,Receive a 10% discount on roasted coffee. Terms and conditions: Present membership card to receive discount.,Quists Coffee,100
1002433,Eat and Drink,McDonalds Clifton Hill Richmond  Fitzroy North VIC,Buy 1 Get 1 Free,"Terms  Conditions: Not valid in conjunction with any other offer. Buy one burger and get another burger for free of equal or lesser value. One coupon per person per day. McValue Meal, Happy Meal, or Deli Choices menu.",McDonald's Clifton Hill,100
1042699,Home and Lifestyle,OFX Global Money Transfers,Save Time and Money when Transferring Funds Overseas,Terms and Conditions: Please note that the receiving bank or intermediary bank may charge fees on transactions. Minimum transfer AUD$250.,OFX,100
1068453,In-Store Offer,Breville,5% Cashback on All Online Purchases (minimum spend of $100),,Pokitpal,100
1068338,In-Store Offer,Holey Moley,Up to 20% Cashback,,Pokitpal,100
1068441,In-Store Offer,Baby Bunting,5% Cashback on All Purchases,,Pokitpal,100
1068471,In-Store Offer,City Beach Online,5% Cashback on All Purchases,,Pokitpal,100
1068498,In-Store Offer,Foot Locker,5% Cashback on All Purchases,,Pokitpal,100
1068335,In-Store Offer,Hertz,10% Cashback on All Purchases,,Pokitpal,100
1012153,Home and Lifestyle,MarShere Dance Studios  Wantirna South  VIC,Free Group Dance Classes,"Not valid in conjunction with any other offer. Offer to New Adult Pupils only. Classes must be attended within one month of the first class. Classes must be attended by 2 adults. Can be redeemed solo for 3 dance classes, if no second person is available.",MarShere Dance Studios,100
1066549,Entertainment,Palace Cinemas Gold,Save up to $4.05,,Choovie,100
1066548,Entertainment,Palace Cinemas Standard,Save up to $6.60,,Choovie,100
1012150,Eat and Drink,Fritz Gelato Richmond VIC,Buy 1 Get 1 Free,Terms  Conditions: Not valid in conjunction with any other offer.Buy one ice cream get one free to equal or lesser value.,Fritz Gelato,100
1047667,Beauty,Just Sunnies,"Take 15% Off sunglasses from big brands Ray-Ban, Oakley, Prada & more.",,Just Sunnies,100
1068451,In-Store Offer,Bonds Online,3% Cashback on All Purchases,,Pokitpal,100
1047209,Beauty,Factorie,Get 5% Cashback,,Cashback Offers AU,100
1050832,Technology,Bing Lee,Get up to 2% Cashback,,Cashback Offers AU,100
1047301,Home and Lifestyle,Temple & Webster,Get 5% Cashback,,Cashback Offers AU,100
1068419,In-Store Offer,Speedo,7% Cashback on All Purchases,,Pokitpal,100
1050657,Home and Lifestyle,Amart Furniture,Get 2% Cashback,,Cashback Offers AU,100
1045921,Fashion,Timberland,Get 5% Cashback,,Timberland,100
1068452,In-Store Offer,Bonds Instore,4% Cashback on All Purchases,,Pokitpal,100
1068354,In-Store Offer,Kathmandu Online,5% Cashback on All Purchases,,Pokitpal,100
1068384,In-Store Offer,New Balance,5% Cashback on All Purchases,,Pokitpal,100
1024561,Beauty,Go Vita Health Food Shops – Australia wide,25% Discount,*Discount only valid on presentation of coupon when purchasing at a Go Vita health shop. Excludes products currently on special. 25% discount is off RRP only. Discount only valid for one NutriVital health supplement. Limit of one coupon per customer. 25% discount off RRP of any one product in the NutriVital Health Supplement range*,Go Vita,100
1050661,Fashion,ASICS,Get 4% Cashback,,Cashback Offers AU,100
1047643,Eat and Drink,T2 Tea,Get 4% Cashback,,T2 Tea,100
1050772,Fashion,Dr Martens,Get up to 4% Cashback,,Cashback Offers AU,100
1012916,Beauty,Genesis Fitness,10 Visits for only $10!,Terms  Conditions: Not valid in conjunction with any other offer. Offer valued only to new members. Must be 18 years and over. 10 visits pass must be used within 28 days of the first visit. Not redeemable for cash. See passes in store for terms and conditions.,Genesis Fitness,100
1047548,Eat and Drink,Dinnerly,$60 off for the first 3 boxes (3 x $20),,Dinnerly,100
1047734,Entertainment,Angus Robertson,10% off your order,,Angus & Robertson,100
1066546,Entertainment,Event Cinemas Gold,Save up to $9.05,,Choovie,100
1066547,Entertainment,Event Cinemas Premium Standard,Save up to $6.70,,Choovie,100
1066550,Entertainment,Reading Cinemas Standard,Save up to $0.75,,Choovie,100
1066541,Entertainment,Village Cinemas Gold Class,Save up to $9.05,,Choovie,100
1066539,Entertainment,Village Cinemas Standard,Save up to $8.03,,Choovie,100
1068477,In-Store Offer,David Jones New Zealand,Get $15 Cashback when you spend $150 on First Purchase,,Pokitpal,100
1068444,In-Store Offer,Ben & Jerrys,Up to 5% Cashback,,Pokitpal,100
1061826,Technology,Momentum Energy,Get up to $140 cashback*,,Compare and Connect,100
1050893,Technology,More Telecom,Get 11% Cashback,,Cashback Offers AU,100
1045580,Technology,Get Commercial pricing at The Good Guys,Access to discounts,,The Good Guys Commercial,100
1047212,Fashion,Foot Locker AU,Get 8% Cashback,,Cashback Offers AU,100
1068401,In-Store Offer,Reebok Online,7% Cashback on All Purchases,,Pokitpal,100
1047542,Eat and Drink,Every Plate,"40% on your first box, and 20% your next 2 boxes",,Every Plate,100
1051027,Home and Lifestyle,Herington Low Allergy Low & Firm Gusseted Pillow - White,Pay only $39.20; RRP $52.95,,Harvey Norman products,100
1065496,Home and Lifestyle,JB HiFi Business,Exclusive discounts across the JB Hi-Fi range!,,JB HiFi Business,100
1047273,Home and Lifestyle,Petbarn,Get 3% Cashback,,Cashback Offers AU,100
1061825,Technology,Lumo Energy,Get up to $140 cashback*,,Compare and Connect,100
1061828,Technology,Red Energy,Get up to $140 cashback*,,Compare and Connect,100
1066545,Entertainment,Event Cinemas Standard,Save up to $8.03,,Choovie,100
1066544,Entertainment,Hoyts Cinemas Gold Class,Save up to $5.60,,Choovie,100
1066543,Entertainment,Hoyts Cinemas Standard,Save up to $5.45,,Choovie,100
1061822,Technology,Alinta Energy,Get up to $140 cashback*,,Compare and Connect,100
1050796,Technology,Boost Mobile,Get up to $6 Cashback,,Cashback Offers AU,100
800839,Automotive,BOB JANE T-MART MT. OMMANEY,5% Discount,,Bob Jane T Marts,100
1050085,Beauty,Chemist Warehouse,Get 0.5% Cashback,,Cashback Offers AU,100
1045709,eGift Cards,Woolworths Brands Gift Card,Get up to 5% Discount,,Woolworths,100
1061827,Technology,Origin,Get up to $140 cashback*,,Compare and Connect,100
1066614,Home and Lifestyle,IKEA eGift Card,Get 4% Discount,,True Rewards - Standard,100
1061821,Technology,AGL,Get up to $140 cashback*,,Compare and Connect,100
1061824,Technology,EnergyAustralia,Receive up to $140 cashback*,,Compare and Connect,100
1047658,Fashion,Specsavers,Get 25% Off,,Specsavers,100
1064994,Technology,JB Hi-Fi eGift Card,Get 4% Discount,,True Rewards - Standard,100
1065001,Home and Lifestyle,Target eGift Card,Get 4% Discount,,True Rewards - Standard,100
1064998,Home and Lifestyle,Kmart eGift Card,Get 4% Discount,,True Rewards - Standard,100
1066572,Entertainment,Spotify eGift Card,Get 4% Discount,,True Rewards - Standard,100
1064990,Home and Lifestyle,Coles eGift Card,Get 4% Discount,,True Rewards - Standard,100
1064993,Home and Lifestyle,Amazon.com.au eGift Card,Get 4% Discount,,True Rewards - Standard,100
